timestamp,temperature_c,humidity_pct,fridge_power_w,front_door_open,fire_alarm,anomaly_class,user_id
2025-01-01 00:00:00,17.93,40.47,132.1,0,0,0,27
2025-01-01 00:05:00,16.84,36.57,140.9,0,0,0,27
2025-01-01 00:10:00,17.81,39.51,132.8,0,0,0,27
2025-01-01 00:15:00,18.21,40.15,143.5,0,0,0,27
2025-01-01 00:20:00,18.06,37.47,150.7,0,0,0,27
2025-01-01 00:25:00,16.6,39.28,139.4,0,0,0,27
2025-01-01 00:30:00,17.27,42.98,141.4,0,0,0,27
2025-01-01 00:35:00,17.25,39.75,149.3,0,0,0,27
2025-01-01 00:40:00,16.76,37.93,149.9,0,0,0,27
2025-01-01 00:45:00,18.06,40.7,141.1,0,0,0,27
2025-01-01 00:50:00,16.51,41.59,0.0,0,0,3,27
2025-01-01 00:55:00,16.48,43.09,0.0,0,0,3,27
2025-01-01 01:00:00,16.67,39.19,0.0,0,0,3,27
2025-01-01 01:05:00,16.72,40.96,0.0,0,0,3,27
2025-01-01 01:10:00,17.76,39.55,0.0,0,0,3,27
2025-01-01 01:15:00,17.65,38.99,0.0,0,0,3,27
2025-01-01 01:20:00,16.68,38.62,0.0,0,0,3,27
2025-01-01 01:25:00,17.12,36.52,0.0,0,0,3,27
2025-01-01 01:30:00,16.79,42.56,0.0,0,0,3,27
2025-01-01 01:35:00,17.47,33.36,0.0,0,0,3,27
2025-01-01 01:40:00,16.72,42.52,0.0,0,0,3,27
2025-01-01 01:45:00,16.61,44.05,0.0,0,0,3,27
2025-01-01 01:50:00,17.43,39.66,0.0,0,0,3,27
2025-01-01 01:55:00,16.06,40.71,0.0,0,0,3,27
2025-01-01 02:00:00,16.16,39.79,0.0,0,0,3,27
2025-01-01 02:05:00,17.41,42.11,0.0,0,0,3,27
2025-01-01 02:10:00,16.55,40.54,0.0,0,0,3,27
2025-01-01 02:15:00,17.44,43.3,0.0,0,0,3,27
2025-01-01 02:20:00,17.07,38.05,0.0,0,0,3,27
2025-01-01 02:25:00,16.85,38.59,0.0,0,0,3,27
2025-01-01 02:30:00,16.3,40.22,0.0,0,0,3,27
2025-01-01 02:35:00,16.56,39.09,0.0,0,0,3,27
2025-01-01 02:40:00,16.04,38.35,0.0,0,0,3,27
2025-01-01 02:45:00,17.56,42.27,0.0,0,0,3,27
2025-01-01 02:50:00,15.91,41.31,138.1,0,0,0,27
2025-01-01 02:55:00,15.73,38.46,140.4,0,0,0,27
2025-01-01 03:00:00,17.14,40.42,144.2,0,0,0,27
2025-01-01 03:05:00,16.83,36.81,147.1,0,0,0,27
2025-01-01 03:10:00,16.91,42.44,144.8,0,0,0,27
2025-01-01 03:15:00,17.62,45.03,142.3,0,0,0,27
2025-01-01 03:20:00,16.46,41.25,148.8,0,0,0,27
2025-01-01 03:25:00,17.22,37.05,138.6,0,0,0,27
2025-01-01 03:30:00,16.06,40.66,145.2,0,0,0,27
2025-01-01 03:35:00,17.21,38.91,155.3,0,0,0,27
2025-01-01 03:40:00,16.13,35.63,148.7,0,0,0,27
2025-01-01 03:45:00,17.23,38.17,144.5,0,0,0,27
2025-01-01 03:50:00,16.74,35.51,138.6,0,0,0,27
2025-01-01 03:55:00,17.0,43.57,140.4,0,0,0,27
2025-01-01 04:00:00,17.18,40.67,150.5,0,0,0,27
2025-01-01 04:05:00,17.81,40.92,150.7,0,0,0,27
2025-01-01 04:10:00,17.36,41.32,140.8,0,0,0,27
2025-01-01 04:15:00,17.03,40.25,133.2,0,0,0,27
2025-01-01 04:20:00,16.67,40.89,133.2,0,0,0,27
2025-01-01 04:25:00,16.46,41.69,130.7,0,0,0,27
2025-01-01 04:30:00,17.5,41.46,138.7,0,0,0,27
2025-01-01 04:35:00,16.1,45.02,124.8,0,0,0,27
2025-01-01 04:40:00,17.62,40.22,128.5,0,0,0,27
2025-01-01 04:45:00,17.87,42.25,137.8,0,0,0,27
2025-01-01 04:50:00,17.74,38.66,115.8,0,0,0,27
2025-01-01 04:55:00,16.92,42.19,124.7,0,0,0,27
2025-01-01 05:00:00,16.8,41.66,124.5,0,0,0,27
2025-01-01 05:05:00,17.99,40.9,124.5,0,0,0,27
2025-01-01 05:10:00,19.07,36.92,124.7,0,0,0,27
2025-01-01 05:15:00,17.1,35.8,125.7,0,0,0,27
2025-01-01 05:20:00,17.6,43.56,132.8,0,0,0,27
2025-01-01 05:25:00,17.37,40.73,136.1,0,0,0,27
2025-01-01 05:30:00,18.21,38.32,133.5,0,0,0,27
2025-01-01 05:35:00,17.67,40.8,135.9,0,0,0,27
2025-01-01 05:40:00,18.32,38.63,136.0,0,0,0,27
2025-01-01 05:45:00,16.74,37.28,133.6,0,0,0,27
2025-01-01 05:50:00,18.31,41.22,140.0,0,0,0,27
2025-01-01 05:55:00,17.96,37.86,137.0,0,0,0,27
2025-01-01 06:00:00,17.54,40.95,138.9,0,0,0,27
2025-01-01 06:05:00,17.57,38.66,145.9,0,0,0,27
2025-01-01 06:10:00,17.28,38.82,148.3,0,0,0,27
2025-01-01 06:15:00,17.13,40.65,144.0,0,0,0,27
2025-01-01 06:20:00,18.24,38.72,152.7,0,0,0,27
2025-01-01 06:25:00,18.93,42.3,142.9,0,0,0,27
2025-01-01 06:30:00,17.93,41.31,136.4,0,0,0,27
2025-01-01 06:35:00,17.9,38.21,146.1,0,0,0,27
2025-01-01 06:40:00,17.13,41.11,144.6,0,0,0,27
2025-01-01 06:45:00,18.65,40.68,148.5,0,0,0,27
2025-01-01 06:50:00,18.61,40.18,141.3,0,0,0,27
2025-01-01 06:55:00,18.12,40.78,141.5,0,0,0,27
2025-01-01 07:00:00,18.39,67.26,129.8,0,0,0,27
2025-01-01 07:05:00,18.01,66.99,139.0,0,0,0,27
2025-01-01 07:10:00,17.56,64.09,136.8,0,0,0,27
2025-01-01 07:15:00,18.4,62.9,134.9,0,0,0,27
2025-01-01 07:20:00,17.94,67.48,126.6,0,0,0,27
2025-01-01 07:25:00,19.35,70.21,132.7,0,0,0,27
2025-01-01 07:30:00,18.5,65.19,132.5,0,0,0,27
2025-01-01 07:35:00,19.03,72.74,132.7,0,0,0,27
2025-01-01 07:40:00,18.44,62.86,128.6,0,0,0,27
2025-01-01 07:45:00,18.74,66.67,123.5,0,0,0,27
2025-01-01 07:50:00,18.74,61.82,132.4,0,0,0,27
2025-01-01 07:55:00,20.16,68.78,120.6,0,0,0,27
2025-01-01 08:00:00,20.23,36.79,131.1,1,0,0,27
2025-01-01 08:05:00,18.21,38.05,134.7,1,0,0,27
2025-01-01 08:10:00,19.19,40.54,129.8,0,0,0,27
2025-01-01 08:15:00,20.66,41.93,130.3,0,0,0,27
2025-01-01 08:20:00,19.49,38.55,137.8,0,0,0,27
2025-01-01 08:25:00,19.65,40.39,132.4,0,0,0,27
2025-01-01 08:30:00,19.67,38.27,132.2,0,0,0,27
2025-01-01 08:35:00,19.64,36.3,137.5,0,0,0,27
2025-01-01 08:40:00,19.96,41.05,149.0,0,0,0,27
2025-01-01 08:45:00,19.99,42.84,137.9,0,0,0,27
2025-01-01 08:50:00,19.59,37.74,146.6,0,0,0,27
2025-01-01 08:55:00,19.55,36.74,146.6,0,0,0,27
2025-01-01 09:00:00,19.04,39.36,141.3,0,0,0,27
2025-01-01 09:05:00,19.61,38.85,146.4,0,0,0,27
2025-01-01 09:10:00,20.31,39.93,139.1,0,0,0,27
2025-01-01 09:15:00,18.66,43.86,141.3,0,0,0,27
2025-01-01 09:20:00,20.02,38.87,142.4,0,0,0,27
2025-01-01 09:25:00,20.88,40.78,151.3,0,0,0,27
2025-01-01 09:30:00,21.13,40.74,153.8,0,0,0,27
2025-01-01 09:35:00,20.43,41.0,153.6,0,0,0,27
2025-01-01 09:40:00,20.29,40.72,139.6,0,0,0,27
2025-01-01 09:45:00,19.81,38.82,149.3,0,0,0,27
2025-01-01 09:50:00,19.0,38.27,140.9,0,0,0,27
2025-01-01 09:55:00,21.36,40.03,134.3,0,0,0,27
2025-01-01 10:00:00,20.46,36.8,131.6,0,0,0,27
2025-01-01 10:05:00,20.65,41.15,136.7,0,0,0,27
2025-01-01 10:10:00,20.25,41.05,128.8,0,0,0,27
2025-01-01 10:15:00,21.36,42.03,129.2,0,0,0,27
2025-01-01 10:20:00,20.68,37.52,128.2,0,0,0,27
2025-01-01 10:25:00,20.56,36.08,130.1,0,0,0,27
2025-01-01 10:30:00,21.59,42.55,122.9,0,0,0,27
2025-01-01 10:35:00,21.0,39.78,118.8,0,0,0,27
2025-01-01 10:40:00,21.56,37.08,126.6,0,0,0,27
2025-01-01 10:45:00,21.11,38.7,125.7,0,0,0,27
2025-01-01 10:50:00,22.46,42.74,126.6,0,0,0,27
2025-01-01 10:55:00,21.63,42.63,125.2,0,0,0,27
2025-01-01 11:00:00,20.55,41.47,132.4,0,0,0,27
2025-01-01 11:05:00,21.19,39.9,137.3,0,0,0,27
2025-01-01 11:10:00,21.76,40.24,127.2,0,0,0,27
2025-01-01 11:15:00,21.2,39.46,131.6,0,0,0,27
2025-01-01 11:20:00,22.21,39.2,135.4,0,0,0,27
2025-01-01 11:25:00,20.55,42.22,141.3,0,0,0,27
2025-01-01 11:30:00,21.24,42.92,132.9,0,0,0,27
2025-01-01 11:35:00,21.83,39.8,136.6,0,0,0,27
2025-01-01 11:40:00,21.57,38.31,137.1,0,0,0,27
2025-01-01 11:45:00,21.95,37.42,135.8,0,0,0,27
2025-01-01 11:50:00,21.26,40.95,140.2,0,0,0,27
2025-01-01 11:55:00,21.72,40.58,144.1,0,0,0,27
2025-01-01 12:00:00,21.02,38.67,144.8,0,0,0,27
2025-01-01 12:05:00,21.43,42.67,145.8,0,0,0,27
2025-01-01 12:10:00,21.71,42.58,147.6,0,0,0,27
2025-01-01 12:15:00,22.25,41.6,143.4,0,0,0,27
2025-01-01 12:20:00,22.21,39.53,138.9,0,0,0,27
2025-01-01 12:25:00,21.99,39.42,143.8,0,0,0,27
2025-01-01 12:30:00,22.93,40.96,148.2,0,0,0,27
2025-01-01 12:35:00,22.27,41.48,130.4,0,0,0,27
2025-01-01 12:40:00,22.48,39.31,142.4,0,0,0,27
2025-01-01 12:45:00,22.56,39.89,144.9,0,0,0,27
2025-01-01 12:50:00,21.94,39.17,137.1,0,0,0,27
2025-01-01 12:55:00,22.81,40.77,142.6,0,0,0,27
2025-01-01 13:00:00,21.9,40.37,135.1,0,0,0,27
2025-01-01 13:05:00,22.22,39.93,136.5,0,0,0,27
2025-01-01 13:10:00,22.78,39.01,138.7,0,0,0,27
2025-01-01 13:15:00,22.73,39.75,129.7,0,0,0,27
2025-01-01 13:20:00,23.16,41.55,130.3,0,0,0,27
2025-01-01 13:25:00,22.31,40.19,115.7,0,0,0,27
2025-01-01 13:30:00,22.94,45.22,125.8,0,0,0,27
2025-01-01 13:35:00,21.45,39.75,125.2,0,0,0,27
2025-01-01 13:40:00,23.15,42.36,119.2,0,0,0,27
2025-01-01 13:45:00,22.74,37.99,125.4,0,0,0,27
2025-01-01 13:50:00,23.26,40.33,119.2,0,0,0,27
2025-01-01 13:55:00,22.31,38.23,124.0,0,0,0,27
2025-01-01 14:00:00,22.91,39.84,129.1,0,0,0,27
2025-01-01 14:05:00,21.83,40.29,141.2,0,0,0,27
2025-01-01 14:10:00,22.3,36.17,128.4,0,0,0,27
2025-01-01 14:15:00,22.56,37.33,130.7,0,0,0,27
2025-01-01 14:20:00,22.69,39.9,143.8,0,0,0,27
2025-01-01 14:25:00,23.2,37.56,134.0,0,0,0,27
2025-01-01 14:30:00,22.54,42.67,136.4,0,0,0,27
2025-01-01 14:35:00,23.25,40.46,143.9,0,0,0,27
2025-01-01 14:40:00,23.02,40.64,140.5,0,0,0,27
2025-01-01 14:45:00,22.36,38.07,143.7,0,0,0,27
2025-01-01 14:50:00,22.15,44.47,141.3,0,0,0,27
2025-01-01 14:55:00,22.96,37.34,149.8,0,0,0,27
2025-01-01 15:00:00,21.65,37.99,146.5,0,0,0,27
2025-01-01 15:05:00,23.22,42.55,142.7,0,0,0,27
2025-01-01 15:10:00,22.79,40.25,139.4,0,0,0,27
2025-01-01 15:15:00,22.47,41.5,149.7,0,0,0,27
2025-01-01 15:20:00,22.54,43.94,145.2,0,0,0,27
2025-01-01 15:25:00,23.24,40.84,143.9,0,0,0,27
2025-01-01 15:30:00,21.78,42.85,141.3,0,0,0,27
2025-01-01 15:35:00,23.02,43.29,136.3,0,0,0,27
2025-01-01 15:40:00,22.24,39.29,137.2,0,0,0,27
2025-01-01 15:45:00,22.84,40.01,133.4,0,0,0,27
2025-01-01 15:50:00,22.05,42.22,131.5,0,0,0,27
2025-01-01 15:55:00,22.89,42.94,131.1,0,0,0,27
2025-01-01 16:00:00,23.08,41.84,132.9,0,0,0,27
2025-01-01 16:05:00,23.45,37.38,133.6,0,0,0,27
2025-01-01 16:10:00,21.94,39.62,129.0,0,0,0,27
2025-01-01 16:15:00,22.12,42.02,128.5,0,0,0,27
2025-01-01 16:20:00,22.62,38.23,126.8,0,0,0,27
2025-01-01 16:25:00,23.39,39.39,123.5,0,0,0,27
2025-01-01 16:30:00,23.17,40.65,130.6,0,0,0,27
2025-01-01 16:35:00,23.13,39.94,124.0,0,0,0,27
2025-01-01 16:40:00,22.64,40.47,135.6,0,0,0,27
2025-01-01 16:45:00,22.3,41.37,121.1,0,0,0,27
2025-01-01 16:50:00,23.07,39.14,128.3,0,0,0,27
2025-01-01 16:55:00,21.32,40.28,134.6,0,0,0,27
2025-01-01 17:00:00,22.52,38.37,141.2,0,0,0,27
2025-01-01 17:05:00,22.68,40.37,126.3,0,0,0,27
2025-01-01 17:10:00,21.73,41.64,132.4,0,0,0,27
2025-01-01 17:15:00,21.88,41.07,133.9,0,0,0,27
2025-01-01 17:20:00,22.98,39.23,129.7,0,0,0,27
2025-01-01 17:25:00,23.01,39.9,141.5,0,0,0,27
2025-01-01 17:30:00,22.94,37.81,148.8,0,0,0,27
2025-01-01 17:35:00,21.93,39.86,139.9,0,0,0,27
2025-01-01 17:40:00,23.08,38.58,144.5,0,0,0,27
2025-01-01 17:45:00,22.54,38.81,141.6,0,0,0,27
2025-01-01 17:50:00,22.63,38.06,148.1,0,0,0,27
2025-01-01 17:55:00,21.6,39.86,150.2,0,0,0,27
2025-01-01 18:00:00,21.43,39.28,144.0,1,0,0,27
2025-01-01 18:05:00,21.42,41.39,148.7,1,0,0,27
2025-01-01 18:10:00,21.9,40.23,144.5,0,0,0,27
2025-01-01 18:15:00,21.96,39.09,148.4,0,0,0,27
2025-01-01 18:20:00,20.95,40.86,139.1,0,0,0,27
2025-01-01 18:25:00,21.93,41.04,146.1,0,0,0,27
2025-01-01 18:30:00,20.98,42.22,133.7,0,0,0,27
2025-01-01 18:35:00,21.52,38.85,129.4,0,0,0,27
2025-01-01 18:40:00,21.55,39.58,135.8,0,0,0,27
2025-01-01 18:45:00,21.34,36.46,139.2,0,0,0,27
2025-01-01 18:50:00,21.61,35.75,137.4,0,0,0,27
2025-01-01 18:55:00,22.48,41.29,125.2,0,0,0,27
2025-01-01 19:00:00,20.63,60.22,122.7,0,0,0,27
2025-01-01 19:05:00,21.46,62.9,131.5,0,0,0,27
2025-01-01 19:10:00,21.89,63.49,131.5,0,0,0,27
2025-01-01 19:15:00,21.21,66.68,122.1,0,0,0,27
2025-01-01 19:20:00,20.8,62.83,124.9,0,0,0,27
2025-01-01 19:25:00,20.82,68.47,118.3,0,0,0,27
2025-01-01 19:30:00,21.5,65.39,123.2,0,0,0,27
2025-01-01 19:35:00,20.54,65.52,121.8,0,0,0,27
2025-01-01 19:40:00,21.02,63.33,126.8,0,0,0,27
2025-01-01 19:45:00,20.7,64.13,127.0,0,0,0,27
2025-01-01 19:50:00,20.95,63.73,143.4,0,0,0,27
2025-01-01 19:55:00,20.33,63.53,125.3,0,0,0,27
2025-01-01 20:00:00,21.37,41.69,132.3,0,0,0,27
2025-01-01 20:05:00,19.51,39.99,137.5,0,0,0,27
2025-01-01 20:10:00,20.97,38.99,138.1,0,0,0,27
2025-01-01 20:15:00,21.07,39.66,131.6,0,0,0,27
2025-01-01 20:20:00,20.58,46.77,137.1,0,0,0,27
2025-01-01 20:25:00,20.26,39.13,142.8,0,0,0,27
2025-01-01 20:30:00,20.17,37.97,146.4,0,0,0,27
2025-01-01 20:35:00,20.81,39.61,154.4,0,0,0,27
2025-01-01 20:40:00,20.84,39.25,139.6,0,0,0,27
2025-01-01 20:45:00,20.64,41.47,146.3,0,0,0,27
2025-01-01 20:50:00,20.33,40.13,147.6,0,0,0,27
2025-01-01 20:55:00,19.43,39.93,150.0,0,0,0,27
2025-01-01 21:00:00,19.41,42.22,147.2,0,0,0,27
2025-01-01 21:05:00,18.82,39.82,146.7,0,0,0,27
2025-01-01 21:10:00,19.76,39.99,138.1,0,0,0,27
2025-01-01 21:15:00,18.8,38.2,143.0,0,0,0,27
2025-01-01 21:20:00,19.77,43.21,135.3,0,0,0,27
2025-01-01 21:25:00,18.67,39.58,144.9,0,0,0,27
2025-01-01 21:30:00,19.37,43.36,136.8,0,0,0,27
2025-01-01 21:35:00,19.82,40.35,137.0,0,0,0,27
2025-01-01 21:40:00,18.45,40.03,129.2,0,0,0,27
2025-01-01 21:45:00,19.78,39.47,140.7,0,0,0,27
2025-01-01 21:50:00,19.15,40.86,137.0,0,0,0,27
2025-01-01 21:55:00,19.23,41.73,133.6,0,0,0,27
2025-01-01 22:00:00,18.09,41.04,133.3,0,0,0,27
2025-01-01 22:05:00,19.01,46.85,128.9,0,0,0,27
2025-01-01 22:10:00,19.5,42.43,122.4,0,0,0,27
2025-01-01 22:15:00,18.76,40.68,135.5,0,0,0,27
2025-01-01 22:20:00,18.88,38.53,127.6,0,0,0,27
2025-01-01 22:25:00,19.17,43.1,125.4,0,0,0,27
2025-01-01 22:30:00,17.81,41.69,128.3,0,0,0,27
2025-01-01 22:35:00,18.83,37.83,128.6,0,0,0,27
2025-01-01 22:40:00,18.74,39.36,128.0,0,0,0,27
2025-01-01 22:45:00,19.01,40.95,126.9,0,0,0,27
2025-01-01 22:50:00,18.9,39.16,137.3,0,0,0,27
2025-01-01 22:55:00,18.18,40.16,141.8,0,0,0,27
2025-01-01 23:00:00,18.17,39.43,132.5,0,0,0,27
2025-01-01 23:05:00,17.68,41.77,145.7,0,0,0,27
2025-01-01 23:10:00,18.24,41.58,143.6,0,0,0,27
2025-01-01 23:15:00,17.73,44.13,142.5,0,0,0,27
2025-01-01 23:20:00,17.94,40.7,150.3,0,0,0,27
2025-01-01 23:25:00,17.4,37.82,137.3,0,0,0,27
2025-01-01 23:30:00,17.79,40.84,148.3,0,0,0,27
2025-01-01 23:35:00,17.92,42.58,150.2,0,0,0,27
2025-01-01 23:40:00,18.58,39.19,152.1,0,0,0,27
2025-01-01 23:45:00,17.22,40.07,150.4,0,0,0,27
2025-01-01 23:50:00,18.1,37.65,150.1,0,0,0,27
2025-01-01 23:55:00,17.0,38.93,145.0,0,0,0,27
2025-01-02 00:00:00,17.85,39.08,147.9,0,0,0,27
2025-01-02 00:05:00,17.35,38.39,142.8,0,0,0,27
2025-01-02 00:10:00,17.22,37.41,141.9,0,0,0,27
2025-01-02 00:15:00,17.13,41.47,148.5,0,0,0,27
2025-01-02 00:20:00,18.32,37.17,143.4,0,0,0,27
2025-01-02 00:25:00,17.67,37.45,141.6,0,0,0,27
2025-01-02 00:30:00,17.18,38.19,132.5,0,0,0,27
2025-01-02 00:35:00,17.08,39.57,129.1,0,0,0,27
2025-01-02 00:40:00,17.13,42.51,132.5,0,0,0,27
2025-01-02 00:45:00,17.07,38.79,130.7,0,0,0,27
2025-01-02 00:50:00,17.67,41.16,134.4,0,0,0,27
2025-01-02 00:55:00,16.75,39.33,131.5,0,0,0,27
2025-01-02 01:00:00,17.15,42.27,125.7,0,0,0,27
2025-01-02 01:05:00,16.66,39.35,140.2,0,0,0,27
2025-01-02 01:10:00,16.77,40.61,133.5,0,0,0,27
2025-01-02 01:15:00,17.52,40.92,119.4,0,0,0,27
2025-01-02 01:20:00,17.13,43.01,127.2,0,0,0,27
2025-01-02 01:25:00,16.17,39.67,124.5,0,0,0,27
2025-01-02 01:30:00,16.64,43.94,131.3,0,0,0,27
2025-01-02 01:35:00,16.69,38.68,127.4,0,0,0,27
2025-01-02 01:40:00,16.29,35.57,132.1,0,0,0,27
2025-01-02 01:45:00,16.93,37.56,135.8,0,0,0,27
2025-01-02 01:50:00,16.31,39.46,136.5,0,0,0,27
2025-01-02 01:55:00,16.19,39.67,138.8,0,0,0,27
2025-01-02 02:00:00,16.8,37.64,135.8,0,0,0,27
2025-01-02 02:05:00,17.0,40.14,141.5,0,0,0,27
2025-01-02 02:10:00,17.8,41.21,144.6,0,0,0,27
2025-01-02 02:15:00,17.12,40.41,141.1,0,0,0,27
2025-01-02 02:20:00,16.8,41.15,143.2,0,0,0,27
2025-01-02 02:25:00,16.84,43.34,153.4,0,0,0,27
2025-01-02 02:30:00,17.27,39.24,145.9,0,0,0,27
2025-01-02 02:35:00,17.08,38.88,156.7,0,0,0,27
2025-01-02 02:40:00,16.97,41.12,149.4,0,0,0,27
2025-01-02 02:45:00,16.54,39.06,155.4,0,0,0,27
2025-01-02 02:50:00,17.8,39.69,153.9,0,0,0,27
2025-01-02 02:55:00,17.24,39.44,142.4,0,0,0,27
2025-01-02 03:00:00,16.77,40.3,149.6,0,0,0,27
2025-01-02 03:05:00,16.87,41.53,146.2,0,0,0,27
2025-01-02 03:10:00,16.24,38.95,134.1,0,0,0,27
2025-01-02 03:15:00,16.71,40.55,138.5,0,0,0,27
2025-01-02 03:20:00,16.78,43.11,137.3,0,0,0,27
2025-01-02 03:25:00,17.21,40.06,126.1,0,0,0,27
2025-01-02 03:30:00,16.5,38.74,135.3,0,0,0,27
2025-01-02 03:35:00,16.73,39.13,124.7,0,0,0,27
2025-01-02 03:40:00,16.54,41.72,125.0,0,0,0,27
2025-01-02 03:45:00,16.2,39.76,128.4,0,0,0,27
2025-01-02 03:50:00,16.42,40.52,126.9,0,0,0,27
2025-01-02 03:55:00,17.63,35.94,124.2,0,0,0,27
2025-01-02 04:00:00,16.82,38.14,131.6,0,0,0,27
2025-01-02 04:05:00,16.85,38.71,130.3,0,0,0,27
2025-01-02 04:10:00,16.29,40.99,120.7,0,0,0,27
2025-01-02 04:15:00,16.63,40.76,125.3,0,0,0,27
2025-01-02 04:20:00,17.39,38.29,127.8,0,0,0,27
2025-01-02 04:25:00,16.79,42.74,131.3,0,0,0,27
2025-01-02 04:30:00,15.84,39.58,133.3,0,0,0,27
2025-01-02 04:35:00,17.06,40.51,130.7,0,0,0,27
2025-01-02 04:40:00,16.11,46.92,138.5,0,0,0,27
2025-01-02 04:45:00,17.4,36.09,137.8,0,0,0,27
2025-01-02 04:50:00,17.37,37.77,136.4,0,0,0,27
2025-01-02 04:55:00,17.5,39.61,149.0,0,0,0,27
2025-01-02 05:00:00,16.9,41.05,149.3,0,0,0,27
2025-01-02 05:05:00,16.61,37.27,145.2,0,0,0,27
2025-01-02 05:10:00,16.63,37.59,146.3,0,0,0,27
2025-01-02 05:15:00,17.63,37.33,152.1,0,0,0,27
2025-01-02 05:20:00,17.76,45.73,140.9,0,0,0,27
2025-01-02 05:25:00,17.74,40.77,150.1,0,0,0,27
2025-01-02 05:30:00,17.71,37.11,138.0,0,0,0,27
2025-01-02 05:35:00,17.48,40.8,155.3,0,0,0,27
2025-01-02 05:40:00,16.36,40.29,148.5,0,0,0,27
2025-01-02 05:45:00,17.94,36.82,146.1,0,0,0,27
2025-01-02 05:50:00,18.08,39.51,135.4,0,0,0,27
2025-01-02 05:55:00,17.03,40.75,138.1,0,0,0,27
2025-01-02 06:00:00,17.38,43.23,142.3,0,0,0,27
2025-01-02 06:05:00,18.38,42.58,137.2,0,0,0,27
2025-01-02 06:10:00,17.34,39.82,138.4,0,0,0,27
2025-01-02 06:15:00,17.99,39.07,131.1,0,0,0,27
2025-01-02 06:20:00,17.45,38.28,130.9,0,0,0,27
2025-01-02 06:25:00,17.79,40.67,127.1,0,0,0,27
2025-01-02 06:30:00,17.86,39.67,130.3,0,0,0,27
2025-01-02 06:35:00,17.88,38.89,130.5,0,0,0,27
2025-01-02 06:40:00,18.08,40.0,125.5,0,0,0,27
2025-01-02 06:45:00,18.29,37.44,124.6,0,0,0,27
2025-01-02 06:50:00,18.58,45.19,125.0,0,0,0,27
2025-01-02 06:55:00,18.34,35.6,135.6,0,0,0,27
2025-01-02 07:00:00,18.22,63.88,125.1,0,0,0,27
2025-01-02 07:05:00,18.35,67.95,129.5,0,0,0,27
2025-01-02 07:10:00,17.22,63.46,122.0,0,0,0,27
2025-01-02 07:15:00,18.4,60.28,126.7,0,0,0,27
2025-01-02 07:20:00,18.7,59.76,125.0,0,0,0,27
2025-01-02 07:25:00,19.2,70.87,129.8,0,0,0,27
2025-01-02 07:30:00,19.3,64.84,136.7,0,0,0,27
2025-01-02 07:35:00,19.38,59.6,139.6,0,0,0,27
2025-01-02 07:40:00,18.83,67.99,134.9,0,0,0,27
2025-01-02 07:45:00,18.77,64.9,147.2,0,0,0,27
2025-01-02 07:50:00,18.58,66.42,134.8,0,0,0,27
2025-01-02 07:55:00,18.59,64.37,138.2,0,0,0,27
2025-01-02 08:00:00,18.19,40.18,147.6,1,0,0,27
2025-01-02 08:05:00,18.96,39.47,139.3,1,0,0,27
2025-01-02 08:10:00,19.39,42.46,147.4,0,0,0,27
2025-01-02 08:15:00,19.81,38.64,146.7,0,0,0,27
2025-01-02 08:20:00,19.51,40.35,151.6,0,0,0,27
2025-01-02 08:25:00,19.35,41.33,149.3,0,0,0,27
2025-01-02 08:30:00,18.94,40.42,148.0,0,0,0,27
2025-01-02 08:35:00,18.83,38.46,141.6,0,0,0,27
2025-01-02 08:40:00,20.06,38.27,143.8,0,0,0,27
2025-01-02 08:45:00,18.32,40.74,137.0,0,0,0,27
2025-01-02 08:50:00,19.15,41.37,139.8,0,0,0,27
2025-01-02 08:55:00,20.85,39.99,144.2,0,0,0,27
2025-01-02 09:00:00,20.2,38.49,137.8,0,0,0,27
2025-01-02 09:05:00,19.68,35.1,132.6,0,0,0,27
2025-01-02 09:10:00,15.5,40.42,132.0,0,0,1,27
2025-01-02 09:15:00,14.45,38.42,140.3,0,0,1,27
2025-01-02 09:20:00,14.19,41.5,132.3,0,0,1,27
2025-01-02 09:25:00,14.67,40.53,123.7,0,0,1,27
2025-01-02 09:30:00,15.03,38.72,128.9,0,0,1,27
2025-01-02 09:35:00,14.77,39.56,133.8,0,0,1,27
2025-01-02 09:40:00,15.44,39.69,124.0,0,0,1,27
2025-01-02 09:45:00,15.43,38.96,116.8,0,0,1,27
2025-01-02 09:50:00,14.7,39.06,119.0,0,0,1,27
2025-01-02 09:55:00,14.96,40.43,127.4,0,0,1,27
2025-01-02 10:00:00,15.16,39.08,134.5,0,0,1,27
2025-01-02 10:05:00,15.25,41.02,131.9,0,0,1,27
2025-01-02 10:10:00,20.27,39.37,126.2,0,0,0,27
2025-01-02 10:15:00,20.45,41.3,131.3,0,0,0,27
2025-01-02 10:20:00,21.18,38.46,141.4,0,0,0,27
2025-01-02 10:25:00,21.37,39.31,140.6,0,0,0,27
2025-01-02 10:30:00,21.48,36.14,139.7,0,0,0,27
2025-01-02 10:35:00,20.02,37.89,129.7,0,0,0,27
2025-01-02 10:40:00,21.29,42.17,148.2,0,0,0,27
2025-01-02 10:45:00,21.44,38.19,141.6,0,0,0,27
2025-01-02 10:50:00,21.26,38.9,139.3,0,0,0,27
2025-01-02 10:55:00,20.77,38.15,147.8,0,0,0,27
2025-01-02 11:00:00,21.79,41.64,152.9,0,0,0,27
2025-01-02 11:05:00,21.41,39.25,147.3,0,0,0,27
2025-01-02 11:10:00,21.69,40.07,134.9,0,0,0,27
2025-01-02 11:15:00,21.27,42.49,149.5,0,0,0,27
2025-01-02 11:20:00,22.32,43.2,148.7,0,0,0,27
2025-01-02 11:25:00,21.38,41.52,141.1,0,0,0,27
2025-01-02 11:30:00,21.3,39.28,145.8,0,0,0,27
2025-01-02 11:35:00,21.44,41.39,139.3,0,0,0,27
2025-01-02 11:40:00,21.93,39.91,141.9,0,0,0,27
2025-01-02 11:45:00,20.76,40.89,142.1,0,0,0,27
2025-01-02 11:50:00,21.9,42.47,146.8,0,0,0,27
2025-01-02 11:55:00,21.31,37.7,140.5,0,0,0,27
2025-01-02 12:00:00,22.65,41.39,142.1,0,0,0,27
2025-01-02 12:05:00,22.28,39.37,141.9,0,0,0,27
2025-01-02 12:10:00,21.92,40.48,130.8,0,0,0,27
2025-01-02 12:15:00,21.79,39.06,120.9,0,0,0,27
2025-01-02 12:20:00,22.29,37.54,126.1,0,0,0,27
2025-01-02 12:25:00,22.31,37.34,132.4,0,0,0,27
2025-01-02 12:30:00,21.84,41.19,132.6,0,0,0,27
2025-01-02 12:35:00,22.12,38.17,127.5,0,0,0,27
2025-01-02 12:40:00,22.41,40.11,134.3,0,0,0,27
2025-01-02 12:45:00,21.83,40.42,127.0,0,0,0,27
2025-01-02 12:50:00,21.58,42.14,126.0,0,0,0,27
2025-01-02 12:55:00,22.24,40.69,125.5,0,0,0,27
2025-01-02 13:00:00,21.55,40.26,129.8,0,0,0,27
2025-01-02 13:05:00,21.75,39.5,126.9,0,0,0,27
2025-01-02 13:10:00,22.52,39.42,139.9,0,0,0,27
2025-01-02 13:15:00,22.96,38.15,138.4,0,0,0,27
2025-01-02 13:20:00,22.95,40.06,135.0,0,0,0,27
2025-01-02 13:25:00,23.2,41.14,137.7,0,0,0,27
2025-01-02 13:30:00,22.36,42.38,137.1,0,0,0,27
2025-01-02 13:35:00,22.69,41.09,143.9,0,0,0,27
2025-01-02 13:40:00,23.05,42.15,136.9,0,0,0,27
2025-01-02 13:45:00,22.71,42.74,135.2,0,0,0,27
2025-01-02 13:50:00,22.84,43.1,146.0,0,0,0,27
2025-01-02 13:55:00,22.29,40.2,145.4,0,0,0,27
2025-01-02 14:00:00,22.6,39.57,148.6,0,0,0,27
2025-01-02 14:05:00,21.91,39.4,150.0,0,0,0,27
2025-01-02 14:10:00,22.33,37.26,152.4,0,0,0,27
2025-01-02 14:15:00,23.02,39.17,149.7,0,0,0,27
2025-01-02 14:20:00,22.6,41.46,142.2,0,0,0,27
2025-01-02 14:25:00,22.8,41.3,145.2,0,0,0,27
2025-01-02 14:30:00,22.41,44.16,148.0,0,0,0,27
2025-01-02 14:35:00,22.71,36.83,145.4,0,0,0,27
2025-01-02 14:40:00,22.92,38.67,151.3,0,0,0,27
2025-01-02 14:45:00,23.42,39.97,136.0,0,0,0,27
2025-01-02 14:50:00,23.39,39.0,133.8,0,0,0,27
2025-01-02 14:55:00,22.57,41.8,127.7,0,0,0,27
2025-01-02 15:00:00,23.0,40.45,136.0,0,0,0,27
2025-01-02 15:05:00,23.11,39.97,137.2,0,0,0,27
2025-01-02 15:10:00,22.73,43.18,125.2,0,0,0,27
2025-01-02 15:15:00,23.64,37.9,126.8,0,0,0,27
2025-01-02 15:20:00,21.29,40.28,130.6,0,0,0,27
2025-01-02 15:25:00,22.76,41.76,121.4,0,0,0,27
2025-01-02 15:30:00,22.33,39.37,130.8,0,0,0,27
2025-01-02 15:35:00,22.62,39.46,124.6,0,0,0,27
2025-01-02 15:40:00,22.75,38.74,116.6,0,0,0,27
2025-01-02 15:45:00,22.08,39.75,134.2,0,0,0,27
2025-01-02 15:50:00,21.62,40.98,129.7,0,0,0,27
2025-01-02 15:55:00,22.73,41.69,125.2,0,0,0,27
2025-01-02 16:00:00,23.2,40.68,133.1,0,0,0,27
2025-01-02 16:05:00,21.99,41.04,125.0,0,0,0,27
2025-01-02 16:10:00,21.79,37.73,135.3,0,0,0,27
2025-01-02 16:15:00,22.37,41.2,134.9,0,0,0,27
2025-01-02 16:20:00,23.55,40.98,143.1,0,0,0,27
2025-01-02 16:25:00,22.48,40.88,136.6,0,0,0,27
2025-01-02 16:30:00,22.49,40.22,146.5,0,0,0,27
2025-01-02 16:35:00,21.97,37.59,139.2,0,0,0,27
2025-01-02 16:40:00,22.51,37.83,140.7,0,0,0,27
2025-01-02 16:45:00,21.62,42.63,142.3,0,0,0,27
2025-01-02 16:50:00,23.06,40.28,142.3,0,0,0,27
2025-01-02 16:55:00,22.51,37.69,147.4,0,0,0,27
2025-01-02 17:00:00,22.28,40.02,150.5,0,0,0,27
2025-01-02 17:05:00,22.01,41.46,145.4,0,0,0,27
2025-01-02 17:10:00,22.75,39.9,150.9,0,0,0,27
2025-01-02 17:15:00,22.73,36.94,137.9,0,0,0,27
2025-01-02 17:20:00,22.15,36.15,142.4,0,0,0,27
2025-01-02 17:25:00,22.46,38.53,141.5,0,0,0,27
2025-01-02 17:30:00,22.4,43.18,144.1,0,0,0,27
2025-01-02 17:35:00,21.29,42.29,137.6,0,0,0,27
2025-01-02 17:40:00,22.07,38.7,138.2,0,0,0,27
2025-01-02 17:45:00,21.45,39.78,133.2,0,0,0,27
2025-01-02 17:50:00,22.56,39.34,136.3,0,0,0,27
2025-01-02 17:55:00,21.25,44.8,138.4,0,0,0,27
2025-01-02 18:00:00,21.41,39.54,133.2,1,0,0,27
2025-01-02 18:05:00,22.35,40.47,130.5,1,0,0,27
2025-01-02 18:10:00,22.21,39.68,133.2,0,0,0,27
2025-01-02 18:15:00,21.53,38.46,125.5,0,0,0,27
2025-01-02 18:20:00,21.39,39.94,131.4,0,0,0,27
2025-01-02 18:25:00,22.8,41.68,129.7,0,0,0,27
2025-01-02 18:30:00,22.28,38.59,136.1,0,0,0,27
2025-01-02 18:35:00,20.75,39.19,120.9,0,0,0,27
2025-01-02 18:40:00,21.09,41.37,129.3,0,0,0,27
2025-01-02 18:45:00,22.06,40.28,128.2,0,0,0,27
2025-01-02 18:50:00,22.28,39.32,128.7,0,0,0,27
2025-01-02 18:55:00,20.83,40.22,136.3,0,0,0,27
2025-01-02 19:00:00,21.82,60.11,135.3,0,0,0,27
2025-01-02 19:05:00,20.99,58.99,138.1,0,0,0,27
2025-01-02 19:10:00,20.52,60.62,139.1,0,0,0,27
2025-01-02 19:15:00,21.5,62.69,135.7,0,0,0,27
2025-01-02 19:20:00,20.57,64.65,135.1,0,0,0,27
2025-01-02 19:25:00,21.41,64.23,153.2,0,0,0,27
2025-01-02 19:30:00,20.37,69.75,142.2,0,0,0,27
2025-01-02 19:35:00,21.52,66.39,150.3,0,1,5,27
2025-01-02 19:40:00,21.17,59.64,144.3,0,1,5,27
2025-01-02 19:45:00,21.01,70.49,149.9,0,1,5,27
2025-01-02 19:50:00,21.18,70.66,147.8,0,0,0,27
2025-01-02 19:55:00,20.54,68.58,149.4,0,0,0,27
2025-01-02 20:00:00,20.73,37.27,144.3,0,0,0,27
2025-01-02 20:05:00,20.45,40.43,153.1,0,0,0,27
2025-01-02 20:10:00,20.55,39.29,142.5,0,0,0,27
2025-01-02 20:15:00,19.73,39.22,139.4,0,0,0,27
2025-01-02 20:20:00,20.32,40.31,150.7,0,0,0,27
2025-01-02 20:25:00,21.29,41.45,151.8,0,0,0,27
2025-01-02 20:30:00,20.39,41.71,142.2,0,0,0,27
2025-01-02 20:35:00,20.2,41.79,134.4,0,0,0,27
2025-01-02 20:40:00,19.77,42.17,137.5,0,0,0,27
2025-01-02 20:45:00,20.63,39.76,140.7,0,0,0,27
2025-01-02 20:50:00,19.91,42.62,126.3,0,0,0,27
2025-01-02 20:55:00,19.87,34.24,132.6,0,0,0,27
2025-01-02 21:00:00,19.6,38.61,120.5,0,0,0,27
2025-01-02 21:05:00,19.67,37.31,130.8,0,0,0,27
2025-01-02 21:10:00,19.1,41.52,129.6,0,0,0,27
2025-01-02 21:15:00,19.99,39.63,133.9,0,0,0,27
2025-01-02 21:20:00,19.37,39.9,121.3,0,0,0,27
2025-01-02 21:25:00,18.87,41.78,131.3,0,0,0,27
2025-01-02 21:30:00,18.82,38.98,126.9,0,0,0,27
2025-01-02 21:35:00,18.55,36.95,127.5,0,0,0,27
2025-01-02 21:40:00,18.39,39.98,133.1,0,0,0,27
2025-01-02 21:45:00,19.6,39.84,128.5,0,0,0,27
2025-01-02 21:50:00,19.01,39.4,126.1,0,0,0,27
2025-01-02 21:55:00,18.28,40.97,137.9,0,0,0,27
2025-01-02 22:00:00,19.23,39.36,147.3,0,0,0,27
2025-01-02 22:05:00,19.17,38.13,138.4,0,0,0,27
2025-01-02 22:10:00,19.13,37.45,131.4,0,0,0,27
2025-01-02 22:15:00,19.42,39.33,141.2,0,0,0,27
2025-01-02 22:20:00,18.55,37.87,144.7,0,0,0,27
2025-01-02 22:25:00,19.12,38.46,139.8,0,0,0,27
2025-01-02 22:30:00,18.63,43.7,154.5,0,0,0,27
2025-01-02 22:35:00,19.03,38.71,143.7,0,0,0,27
2025-01-02 22:40:00,19.62,40.33,140.0,0,0,0,27
2025-01-02 22:45:00,18.96,39.83,144.2,0,0,0,27
2025-01-02 22:50:00,18.18,37.22,141.1,0,0,0,27
2025-01-02 22:55:00,18.58,41.63,146.8,0,0,0,27
2025-01-02 23:00:00,18.58,42.79,146.8,0,0,0,27
2025-01-02 23:05:00,19.12,42.58,146.0,0,0,0,27
2025-01-02 23:10:00,17.72,40.52,140.8,0,0,0,27
2025-01-02 23:15:00,18.31,41.32,135.6,0,0,0,27
2025-01-02 23:20:00,18.39,37.29,131.2,0,0,0,27
2025-01-02 23:25:00,18.11,39.13,131.1,0,0,0,27
2025-01-02 23:30:00,19.05,37.0,135.0,0,0,0,27
2025-01-02 23:35:00,17.28,39.35,125.9,0,0,0,27
2025-01-02 23:40:00,17.12,40.67,129.7,0,0,0,27
2025-01-02 23:45:00,17.58,41.26,129.4,0,0,0,27
2025-01-02 23:50:00,16.61,39.71,132.4,0,0,0,27
2025-01-02 23:55:00,18.1,41.34,131.3,0,0,0,27
2025-01-03 00:00:00,18.49,43.5,116.8,0,0,0,27
2025-01-03 00:05:00,18.32,39.91,127.6,0,0,0,27
2025-01-03 00:10:00,18.83,40.1,129.7,0,0,0,27
2025-01-03 00:15:00,17.35,42.21,130.0,0,0,0,27
2025-01-03 00:20:00,17.93,40.51,124.7,0,0,0,27
2025-01-03 00:25:00,17.51,38.11,138.5,0,0,0,27
2025-01-03 00:30:00,17.12,40.22,126.8,0,0,0,27
2025-01-03 00:35:00,17.44,38.66,142.4,0,0,0,27
2025-01-03 00:40:00,16.91,39.41,134.4,0,0,0,27
2025-01-03 00:45:00,17.41,40.32,135.5,0,0,0,27
2025-01-03 00:50:00,17.4,44.73,136.4,0,0,0,27
2025-01-03 00:55:00,17.51,41.56,136.2,0,0,0,27
2025-01-03 01:00:00,16.84,38.61,142.3,0,0,0,27
2025-01-03 01:05:00,18.29,40.32,138.3,0,0,0,27
2025-01-03 01:10:00,17.54,35.48,139.3,0,0,0,27
2025-01-03 01:15:00,16.83,42.98,142.8,0,0,0,27
2025-01-03 01:20:00,17.67,39.25,144.4,0,0,0,27
2025-01-03 01:25:00,16.69,39.42,146.1,0,0,0,27
2025-01-03 01:30:00,16.32,41.64,145.5,0,0,0,27
2025-01-03 01:35:00,17.48,40.83,141.5,0,0,0,27
2025-01-03 01:40:00,18.23,40.28,152.0,0,0,0,27
2025-01-03 01:45:00,17.93,41.85,145.5,0,0,0,27
2025-01-03 01:50:00,15.51,35.47,152.1,0,0,0,27
2025-01-03 01:55:00,17.23,42.84,144.2,0,0,0,27
2025-01-03 02:00:00,16.45,40.77,144.9,0,0,0,27
2025-01-03 02:05:00,18.3,40.42,147.6,0,0,0,27
2025-01-03 02:10:00,17.06,41.17,138.5,0,0,0,27
2025-01-03 02:15:00,17.19,39.93,139.2,1,0,4,27
2025-01-03 02:20:00,17.12,43.91,143.2,0,0,0,27
2025-01-03 02:25:00,16.4,40.6,134.1,0,0,0,27
2025-01-03 02:30:00,17.01,39.07,138.1,0,0,0,27
2025-01-03 02:35:00,17.64,40.37,135.4,0,0,0,27
2025-01-03 02:40:00,16.59,36.88,134.2,0,0,0,27
2025-01-03 02:45:00,17.38,43.01,137.1,0,0,0,27
2025-01-03 02:50:00,16.92,41.72,130.4,0,0,0,27
2025-01-03 02:55:00,17.19,39.32,120.0,0,0,0,27
2025-01-03 03:00:00,16.49,40.81,123.1,0,0,0,27
2025-01-03 03:05:00,16.44,39.02,125.3,0,0,0,27
2025-01-03 03:10:00,16.25,39.41,132.1,0,0,0,27
2025-01-03 03:15:00,17.32,41.34,123.1,0,0,0,27
2025-01-03 03:20:00,16.27,37.81,123.0,0,0,0,27
2025-01-03 03:25:00,17.22,41.75,128.0,0,0,0,27
2025-01-03 03:30:00,16.82,37.31,142.0,0,0,0,27
2025-01-03 03:35:00,16.32,42.08,132.3,0,0,0,27
2025-01-03 03:40:00,16.66,41.5,132.3,0,0,0,27
2025-01-03 03:45:00,17.89,37.34,139.7,0,0,0,27
2025-01-03 03:50:00,17.36,40.28,134.7,0,0,0,27
2025-01-03 03:55:00,17.45,38.24,145.1,0,0,0,27
2025-01-03 04:00:00,16.77,36.49,137.7,0,0,0,27
2025-01-03 04:05:00,16.31,38.1,146.5,0,0,0,27
2025-01-03 04:10:00,17.53,42.49,139.2,0,0,0,27
2025-01-03 04:15:00,16.85,41.45,143.0,0,0,0,27
2025-01-03 04:20:00,16.21,39.26,149.7,0,0,0,27
2025-01-03 04:25:00,16.18,40.53,145.6,0,0,0,27
2025-01-03 04:30:00,17.19,43.06,147.2,0,0,0,27
2025-01-03 04:35:00,16.52,42.91,150.3,0,0,0,27
2025-01-03 04:40:00,16.66,38.24,142.5,0,0,0,27
2025-01-03 04:45:00,17.73,40.4,149.2,0,0,0,27
2025-01-03 04:50:00,17.6,39.11,143.8,0,0,0,27
2025-01-03 04:55:00,16.63,41.43,143.1,0,0,0,27
2025-01-03 05:00:00,16.24,41.82,139.9,0,0,0,27
2025-01-03 05:05:00,17.5,43.02,135.7,0,0,0,27
2025-01-03 05:10:00,17.39,40.07,142.7,0,0,0,27
2025-01-03 05:15:00,17.47,39.21,137.5,0,0,0,27
2025-01-03 05:20:00,17.0,41.16,141.6,0,0,0,27
2025-01-03 05:25:00,17.92,38.61,124.3,0,0,0,27
2025-01-03 05:30:00,17.31,41.4,129.4,0,0,0,27
2025-01-03 05:35:00,16.17,38.84,129.6,0,0,0,27
2025-01-03 05:40:00,17.55,37.24,127.4,0,0,0,27
2025-01-03 05:45:00,17.25,38.72,126.9,0,0,0,27
2025-01-03 05:50:00,17.08,42.7,126.5,0,0,0,27
2025-01-03 05:55:00,17.09,40.55,130.3,0,0,0,27
2025-01-03 06:00:00,17.62,41.16,122.9,0,0,0,27
2025-01-03 06:05:00,16.41,39.91,125.4,0,0,0,27
2025-01-03 06:10:00,18.24,34.9,125.9,0,0,0,27
2025-01-03 06:15:00,17.58,38.57,124.7,0,0,0,27
2025-01-03 06:20:00,18.32,41.07,134.0,0,0,0,27
2025-01-03 06:25:00,17.5,39.05,124.0,0,0,0,27
2025-01-03 06:30:00,18.31,39.02,133.9,0,0,0,27
2025-01-03 06:35:00,18.58,39.25,134.5,0,0,0,27
2025-01-03 06:40:00,17.8,41.88,134.0,0,0,0,27
2025-01-03 06:45:00,17.28,38.08,147.7,0,0,0,27
2025-01-03 06:50:00,17.35,39.99,150.0,0,0,0,27
2025-01-03 06:55:00,18.69,40.04,152.2,0,0,0,27
2025-01-03 07:00:00,17.86,69.05,141.4,0,0,0,27
2025-01-03 07:05:00,18.26,61.46,144.3,0,0,0,27
2025-01-03 07:10:00,19.23,63.59,145.7,0,0,0,27
2025-01-03 07:15:00,19.1,66.74,150.6,0,0,0,27
2025-01-03 07:20:00,17.43,68.31,153.8,0,0,0,27
2025-01-03 07:25:00,17.84,71.67,145.6,0,0,0,27
2025-01-03 07:30:00,17.96,63.81,154.1,0,0,0,27
2025-01-03 07:35:00,17.27,70.36,146.5,0,0,0,27
2025-01-03 07:40:00,18.52,59.54,148.9,0,0,0,27
2025-01-03 07:45:00,18.79,69.14,134.8,0,0,0,27
2025-01-03 07:50:00,18.82,67.02,151.1,0,0,0,27
2025-01-03 07:55:00,20.39,67.73,137.7,0,0,0,27
2025-01-03 08:00:00,18.52,41.1,134.5,1,0,0,27
2025-01-03 08:05:00,19.72,37.61,135.8,1,0,0,27
2025-01-03 08:10:00,18.75,40.21,131.9,0,0,0,27
2025-01-03 08:15:00,19.48,40.88,137.6,0,0,0,27
2025-01-03 08:20:00,18.43,44.94,130.5,0,0,0,27
2025-01-03 08:25:00,18.85,39.87,138.4,0,0,0,27
2025-01-03 08:30:00,19.38,39.59,125.2,0,0,0,27
2025-01-03 08:35:00,18.34,40.79,125.8,0,0,0,27
2025-01-03 08:40:00,19.4,39.77,131.6,0,0,0,27
2025-01-03 08:45:00,19.28,39.8,129.2,0,0,0,27
2025-01-03 08:50:00,19.26,42.73,122.1,0,0,0,27
2025-01-03 08:55:00,20.04,42.37,119.5,0,0,0,27
2025-01-03 09:00:00,20.14,40.08,131.9,0,0,0,27
2025-01-03 09:05:00,19.55,36.51,122.2,0,0,0,27
2025-01-03 09:10:00,20.09,41.77,135.4,0,0,0,27
2025-01-03 09:15:00,19.98,39.35,129.1,0,0,0,27
2025-01-03 09:20:00,19.29,38.76,137.3,0,0,0,27
2025-01-03 09:25:00,19.76,42.15,131.9,0,0,0,27
2025-01-03 09:30:00,20.43,41.77,143.1,0,0,0,27
2025-01-03 09:35:00,20.52,36.53,128.9,0,0,0,27
2025-01-03 09:40:00,20.01,39.27,144.2,0,0,0,27
2025-01-03 09:45:00,19.21,37.81,137.9,0,0,0,27
2025-01-03 09:50:00,21.41,39.92,145.5,0,0,0,27
2025-01-03 09:55:00,20.41,39.38,136.5,0,0,0,27
2025-01-03 10:00:00,21.3,39.12,146.4,0,0,0,27
2025-01-03 10:05:00,21.33,41.37,143.9,0,0,0,27
2025-01-03 10:10:00,20.95,40.37,138.7,0,0,0,27
2025-01-03 10:15:00,21.27,40.35,149.7,0,0,0,27
2025-01-03 10:20:00,20.34,38.1,149.4,0,0,0,27
2025-01-03 10:25:00,20.84,42.5,143.3,0,0,0,27
2025-01-03 10:30:00,21.22,42.15,150.5,0,0,0,27
2025-01-03 10:35:00,21.1,37.88,141.0,0,0,0,27
2025-01-03 10:40:00,21.07,39.5,138.8,0,0,0,27
2025-01-03 10:45:00,21.09,39.56,139.6,0,0,0,27
2025-01-03 10:50:00,20.9,35.95,140.5,0,0,0,27
2025-01-03 10:55:00,20.83,40.4,140.5,0,0,0,27
2025-01-03 11:00:00,19.97,35.58,135.3,0,0,0,27
2025-01-03 11:05:00,20.94,37.71,141.0,0,0,0,27
2025-01-03 11:10:00,21.17,37.68,134.7,0,0,0,27
2025-01-03 11:15:00,21.36,40.36,134.9,0,0,0,27
2025-01-03 11:20:00,21.56,41.91,125.8,0,0,0,27
2025-01-03 11:25:00,21.35,39.66,130.7,0,0,0,27
2025-01-03 11:30:00,21.42,42.51,132.3,0,0,0,27
2025-01-03 11:35:00,22.18,41.22,134.2,0,0,0,27
2025-01-03 11:40:00,22.33,42.17,129.6,0,0,0,27
2025-01-03 11:45:00,21.33,38.37,131.5,0,0,0,27
2025-01-03 11:50:00,22.06,43.87,133.6,0,0,0,27
2025-01-03 11:55:00,21.32,41.82,131.1,0,0,0,27
2025-01-03 12:00:00,21.62,39.95,130.9,0,0,0,27
2025-01-03 12:05:00,22.82,39.43,134.4,0,0,0,27
2025-01-03 12:10:00,21.54,44.61,134.9,0,0,0,27
2025-01-03 12:15:00,22.06,38.63,130.5,0,0,0,27
2025-01-03 12:20:00,21.53,40.95,138.6,0,0,0,27
2025-01-03 12:25:00,22.58,36.11,141.6,0,0,0,27
2025-01-03 12:30:00,21.53,39.54,140.5,0,0,0,27
2025-01-03 12:35:00,22.97,45.18,135.1,0,0,0,27
2025-01-03 12:40:00,23.06,43.76,143.6,0,0,0,27
2025-01-03 12:45:00,22.4,41.12,144.6,0,0,0,27
2025-01-03 12:50:00,22.37,40.61,155.3,0,0,0,27
2025-01-03 12:55:00,21.6,41.76,144.0,0,0,0,27
2025-01-03 13:00:00,22.29,40.2,148.2,0,0,0,27
2025-01-03 13:05:00,22.58,38.3,143.2,0,0,0,27
2025-01-03 13:10:00,22.68,42.69,139.6,0,0,0,27
2025-01-03 13:15:00,21.37,39.55,148.0,0,0,0,27
2025-01-03 13:20:00,22.96,37.92,153.1,0,0,0,27
2025-01-03 13:25:00,22.08,41.27,149.6,0,0,0,27
2025-01-03 13:30:00,22.24,41.05,141.0,0,0,0,27
2025-01-03 13:35:00,22.2,42.46,143.1,0,0,0,27
2025-01-03 13:40:00,22.48,40.42,145.0,0,0,0,27
2025-01-03 13:45:00,22.9,37.54,145.5,0,0,0,27
2025-01-03 13:50:00,23.08,39.74,137.6,0,0,0,27
2025-01-03 13:55:00,22.53,42.85,131.5,0,0,0,27
2025-01-03 14:00:00,23.16,37.44,123.1,0,0,0,27
2025-01-03 14:05:00,21.83,42.22,123.1,0,0,0,27
2025-01-03 14:10:00,22.45,37.64,127.3,0,0,0,27
2025-01-03 14:15:00,23.04,39.15,132.5,0,0,0,27
2025-01-03 14:20:00,22.75,38.57,127.2,0,0,0,27
2025-01-03 14:25:00,22.66,40.53,134.2,0,0,0,27
2025-01-03 14:30:00,22.49,40.59,120.3,0,0,0,27
2025-01-03 14:35:00,22.87,38.57,125.2,0,0,0,27
2025-01-03 14:40:00,22.92,36.63,126.4,0,0,0,27
2025-01-03 14:45:00,22.77,39.27,120.3,0,0,0,27
2025-01-03 14:50:00,22.55,42.1,129.1,0,0,0,27
2025-01-03 14:55:00,23.37,38.23,128.8,0,0,0,27
2025-01-03 15:00:00,22.59,35.63,133.6,0,0,0,27
2025-01-03 15:05:00,21.9,39.86,141.8,0,0,0,27
2025-01-03 15:10:00,22.28,36.43,127.4,0,0,0,27
2025-01-03 15:15:00,22.71,41.78,141.1,0,0,0,27
2025-01-03 15:20:00,23.06,39.21,136.1,0,0,0,27
2025-01-03 15:25:00,22.27,40.93,140.4,0,0,0,27
2025-01-03 15:30:00,22.48,41.85,134.1,0,0,0,27
2025-01-03 15:35:00,22.65,39.0,147.9,0,0,0,27
2025-01-03 15:40:00,22.42,41.8,143.8,0,0,0,27
2025-01-03 15:45:00,23.21,41.7,134.6,0,0,0,27
2025-01-03 15:50:00,23.08,35.65,145.8,0,0,0,27
2025-01-03 15:55:00,22.27,41.94,142.0,0,0,0,27
2025-01-03 16:00:00,22.56,37.69,144.0,0,0,0,27
2025-01-03 16:05:00,22.5,40.49,150.1,0,0,0,27
2025-01-03 16:10:00,22.49,36.86,143.1,0,0,0,27
2025-01-03 16:15:00,22.07,42.67,153.9,0,0,0,27
2025-01-03 16:20:00,23.71,41.03,139.5,0,0,0,27
2025-01-03 16:25:00,22.8,41.77,144.2,0,0,0,27
2025-01-03 16:30:00,22.12,40.45,136.7,0,0,0,27
2025-01-03 16:35:00,22.49,39.31,138.6,0,0,0,27
2025-01-03 16:40:00,22.52,42.0,138.5,0,0,0,27
2025-01-03 16:45:00,23.0,41.04,140.5,0,0,0,27
2025-01-03 16:50:00,22.62,41.58,136.9,0,0,0,27
2025-01-03 16:55:00,22.5,41.7,126.8,0,0,0,27
2025-01-03 17:00:00,22.08,42.23,132.0,0,0,0,27
2025-01-03 17:05:00,21.86,37.63,141.8,0,0,0,27
2025-01-03 17:10:00,22.71,37.98,135.1,0,0,0,27
2025-01-03 17:15:00,22.82,40.49,134.1,0,0,0,27
2025-01-03 17:20:00,22.82,39.82,136.5,0,0,0,27
2025-01-03 17:25:00,22.63,38.53,131.2,0,0,0,27
2025-01-03 17:30:00,21.6,41.43,128.6,0,0,0,27
2025-01-03 17:35:00,22.69,40.17,123.8,0,0,0,27
2025-01-03 17:40:00,21.44,38.47,120.3,0,0,0,27
2025-01-03 17:45:00,21.55,39.93,130.5,0,0,0,27
2025-01-03 17:50:00,23.02,38.89,134.3,0,0,0,27
2025-01-03 17:55:00,22.05,39.43,128.6,0,0,0,27
2025-01-03 18:00:00,21.22,37.74,135.1,1,0,0,27
2025-01-03 18:05:00,21.75,39.43,140.5,1,0,0,27
2025-01-03 18:10:00,21.42,42.0,132.8,0,0,0,27
2025-01-03 18:15:00,21.91,39.19,138.5,0,0,0,27
2025-01-03 18:20:00,21.27,41.54,136.1,0,0,0,27
2025-01-03 18:25:00,22.17,34.66,142.0,0,0,0,27
2025-01-03 18:30:00,20.9,41.86,133.9,0,0,0,27
2025-01-03 18:35:00,22.5,78.03,145.8,0,0,0,27
2025-01-03 18:40:00,22.06,81.79,137.5,0,0,0,27
2025-01-03 18:45:00,20.58,39.06,148.4,0,0,2,27
2025-01-03 18:50:00,20.96,43.96,145.6,0,0,0,27
2025-01-03 18:55:00,21.72,39.98,135.3,0,0,0,27
2025-01-03 19:00:00,21.61,65.48,137.3,0,0,0,27
2025-01-03 19:05:00,21.2,66.23,148.0,0,0,0,27
2025-01-03 19:10:00,21.09,61.39,148.1,0,0,0,27
2025-01-03 19:15:00,21.21,66.36,148.3,0,0,0,27
2025-01-03 19:20:00,21.88,61.69,145.6,0,0,0,27
2025-01-03 19:25:00,20.41,58.23,145.5,0,0,0,27
2025-01-03 19:30:00,20.16,64.91,141.4,0,0,0,27
2025-01-03 19:35:00,21.48,69.05,135.6,0,0,0,27
2025-01-03 19:40:00,21.59,59.86,142.4,0,0,0,27
2025-01-03 19:45:00,21.66,64.54,132.7,0,0,0,27
2025-01-03 19:50:00,21.5,63.81,139.8,0,0,0,27
2025-01-03 19:55:00,20.54,68.41,137.1,0,0,0,27
2025-01-03 20:00:00,21.4,39.62,117.7,0,0,0,27
2025-01-03 20:05:00,20.96,37.36,127.3,0,0,0,27
2025-01-03 20:10:00,20.4,42.94,131.9,0,0,0,27
2025-01-03 20:15:00,20.65,40.34,127.0,0,0,0,27
2025-01-03 20:20:00,19.91,40.61,124.3,0,0,0,27
2025-01-03 20:25:00,20.13,38.8,128.2,0,0,0,27
2025-01-03 20:30:00,19.91,36.1,127.3,0,0,0,27
2025-01-03 20:35:00,20.95,40.59,124.8,0,0,0,27
2025-01-03 20:40:00,19.72,41.64,132.8,0,0,0,27
2025-01-03 20:45:00,19.63,43.17,138.9,0,0,0,27
2025-01-03 20:50:00,20.75,37.81,134.4,0,0,0,27
2025-01-03 20:55:00,20.13,40.38,141.7,0,0,0,27
2025-01-03 21:00:00,18.9,38.59,133.8,0,0,0,27
2025-01-03 21:05:00,18.99,40.61,132.8,0,0,0,27
2025-01-03 21:10:00,19.53,41.97,142.8,0,0,0,27
2025-01-03 21:15:00,19.9,37.04,132.0,0,0,0,27
2025-01-03 21:20:00,19.14,44.63,146.4,0,0,0,27
2025-01-03 21:25:00,19.75,40.17,143.9,0,0,0,27
2025-01-03 21:30:00,19.07,38.41,142.1,0,0,0,27
2025-01-03 21:35:00,19.53,39.32,144.5,0,0,0,27
2025-01-03 21:40:00,18.39,40.79,141.7,0,0,0,27
2025-01-03 21:45:00,18.79,40.82,139.6,0,0,0,27
2025-01-03 21:50:00,19.21,40.64,146.7,0,0,0,27
2025-01-03 21:55:00,18.42,42.21,144.9,0,0,0,27
2025-01-03 22:00:00,18.67,38.58,149.2,0,0,0,27
2025-01-03 22:05:00,18.17,42.81,149.4,0,0,0,27
2025-01-03 22:10:00,19.01,40.39,149.0,0,0,0,27
2025-01-03 22:15:00,18.74,39.58,132.5,0,0,0,27
2025-01-03 22:20:00,19.28,37.74,148.5,0,0,0,27
2025-01-03 22:25:00,18.92,39.57,128.7,0,0,0,27
2025-01-03 22:30:00,19.0,40.45,135.2,0,0,0,27
2025-01-03 22:35:00,17.71,38.68,139.2,0,0,0,27
2025-01-03 22:40:00,18.72,44.65,131.4,0,0,0,27
2025-01-03 22:45:00,18.46,38.34,130.9,0,0,0,27
2025-01-03 22:50:00,18.22,40.94,126.5,0,0,0,27
2025-01-03 22:55:00,17.55,40.34,132.0,0,0,0,27
2025-01-03 23:00:00,17.87,36.16,130.4,0,0,0,27
2025-01-03 23:05:00,18.2,39.37,123.1,0,0,0,27
2025-01-03 23:10:00,18.08,38.28,130.6,0,0,0,27
2025-01-03 23:15:00,18.57,40.8,127.9,0,0,0,27
2025-01-03 23:20:00,19.2,41.61,127.8,0,0,0,27
2025-01-03 23:25:00,18.0,38.33,124.0,0,0,0,27
2025-01-03 23:30:00,17.06,38.17,131.6,0,0,0,27
2025-01-03 23:35:00,17.52,39.99,133.1,0,0,0,27
2025-01-03 23:40:00,17.54,43.21,135.0,0,0,0,27
2025-01-03 23:45:00,16.42,41.09,133.7,0,0,0,27
2025-01-03 23:50:00,18.59,41.83,137.5,0,0,0,27
2025-01-03 23:55:00,17.56,40.51,136.5,0,0,0,27
