timestamp,temperature_c,humidity_pct,fridge_power_w,front_door_open,fire_alarm,anomaly_class
2025-01-01 00:00:00,19.13,43.77,142.5,0,0,0
2025-01-01 00:05:00,18.76,44.22,155.6,0,0,0
2025-01-01 00:10:00,19.11,45.57,154.0,0,0,0
2025-01-01 00:15:00,19.51,45.67,147.9,0,0,0
2025-01-01 00:20:00,18.58,46.32,155.1,0,0,0
2025-01-01 00:25:00,18.54,49.02,154.1,0,0,0
2025-01-01 00:30:00,19.41,44.65,160.5,0,0,0
2025-01-01 00:35:00,18.96,43.4,166.3,0,0,0
2025-01-01 00:40:00,18.31,42.24,150.6,0,0,0
2025-01-01 00:45:00,18.78,43.54,160.6,0,0,0
2025-01-01 00:50:00,18.24,44.93,158.9,0,0,0
2025-01-01 00:55:00,18.2,48.59,162.4,0,0,0
2025-01-01 01:00:00,18.52,43.96,159.2,0,0,0
2025-01-01 01:05:00,17.41,45.45,153.2,0,0,0
2025-01-01 01:10:00,17.48,44.97,154.0,0,0,0
2025-01-01 01:15:00,18.03,47.38,150.0,0,0,0
2025-01-01 01:20:00,17.77,50.05,157.7,0,0,0
2025-01-01 01:25:00,18.41,43.94,150.6,0,0,0
2025-01-01 01:30:00,17.77,44.02,158.2,0,0,0
2025-01-01 01:35:00,17.5,47.09,146.6,0,0,0
2025-01-01 01:40:00,18.91,46.36,141.7,0,0,0
2025-01-01 01:45:00,18.05,48.69,136.1,0,0,0
2025-01-01 01:50:00,18.17,46.17,133.4,0,0,0
2025-01-01 01:55:00,17.41,44.28,133.4,0,0,0
2025-01-01 02:00:00,17.83,46.18,141.9,0,0,0
2025-01-01 02:05:00,18.14,47.22,142.7,0,0,0
2025-01-01 02:10:00,17.5,46.64,132.1,0,0,0
2025-01-01 02:15:00,18.25,46.01,144.7,0,0,0
2025-01-01 02:20:00,17.75,47.13,138.3,0,0,0
2025-01-01 02:25:00,17.89,47.34,142.3,0,0,0
2025-01-01 02:30:00,17.72,47.76,150.7,0,0,0
2025-01-01 02:35:00,18.94,46.3,148.5,0,0,0
2025-01-01 02:40:00,18.0,44.67,144.2,0,0,0
2025-01-01 02:45:00,17.48,45.29,142.8,0,0,0
2025-01-01 02:50:00,18.41,47.41,138.3,0,0,0
2025-01-01 02:55:00,17.39,43.37,147.3,0,0,0
2025-01-01 03:00:00,18.1,45.74,151.6,0,0,0
2025-01-01 03:05:00,17.02,44.21,149.4,0,0,0
2025-01-01 03:10:00,17.34,45.06,155.3,0,0,0
2025-01-01 03:15:00,18.1,47.56,157.7,0,0,0
2025-01-01 03:20:00,18.38,45.38,157.3,0,0,0
2025-01-01 03:25:00,18.1,45.09,156.0,0,0,0
2025-01-01 03:30:00,17.97,42.28,160.6,0,0,0
2025-01-01 03:35:00,17.88,46.49,162.2,0,0,0
2025-01-01 03:40:00,17.31,46.29,154.4,0,0,0
2025-01-01 03:45:00,17.7,49.33,166.5,0,0,0
2025-01-01 03:50:00,17.84,44.38,158.2,0,0,0
2025-01-01 03:55:00,18.61,45.44,157.7,0,0,0
2025-01-01 04:00:00,18.27,45.5,159.9,0,0,0
2025-01-01 04:05:00,17.24,48.15,156.0,0,0,0
2025-01-01 04:10:00,18.3,44.81,157.9,0,0,0
2025-01-01 04:15:00,17.97,45.56,152.9,0,0,0
2025-01-01 04:20:00,17.84,46.22,146.5,0,0,0
2025-01-01 04:25:00,18.51,45.37,149.6,0,0,0
2025-01-01 04:30:00,18.74,44.11,140.3,0,0,0
2025-01-01 04:35:00,18.72,45.39,145.0,0,0,0
2025-01-01 04:40:00,17.86,47.15,142.9,0,0,0
2025-01-01 04:45:00,18.15,42.95,140.8,0,0,0
2025-01-01 04:50:00,18.5,45.27,140.3,0,0,0
2025-01-01 04:55:00,18.86,43.6,130.9,0,0,0
2025-01-01 05:00:00,18.16,47.39,137.3,0,0,0
2025-01-01 05:05:00,18.34,41.95,140.5,0,0,0
2025-01-01 05:10:00,17.92,43.88,141.2,0,0,0
2025-01-01 05:15:00,17.91,45.75,136.0,0,0,0
2025-01-01 05:20:00,18.95,48.13,148.4,0,0,0
2025-01-01 05:25:00,19.26,44.87,139.0,0,0,0
2025-01-01 05:30:00,18.58,43.89,149.6,0,0,0
2025-01-01 05:35:00,19.16,48.76,148.5,0,0,0
2025-01-01 05:40:00,18.88,42.1,144.9,0,0,0
2025-01-01 05:45:00,18.42,40.6,158.8,0,0,0
2025-01-01 05:50:00,18.97,45.88,145.8,0,0,0
2025-01-01 05:55:00,19.6,44.0,158.1,0,0,0
2025-01-01 06:00:00,18.86,42.96,160.1,0,0,0
2025-01-01 06:05:00,19.71,46.42,153.2,0,0,0
2025-01-01 06:10:00,17.66,45.49,164.8,0,0,0
2025-01-01 06:15:00,19.43,43.87,157.6,0,0,0
2025-01-01 06:20:00,19.12,42.44,161.0,0,0,0
2025-01-01 06:25:00,18.97,46.74,161.2,0,0,0
2025-01-01 06:30:00,19.22,46.3,159.3,0,0,0
2025-01-01 06:35:00,18.23,44.8,163.8,0,0,0
2025-01-01 06:40:00,19.17,48.69,163.1,0,0,0
2025-01-01 06:45:00,19.51,42.86,149.5,0,0,0
2025-01-01 06:50:00,20.13,41.95,163.6,0,0,0
2025-01-01 06:55:00,19.18,43.62,147.3,0,0,0
2025-01-01 07:00:00,19.1,73.64,159.2,0,0,0
2025-01-01 07:05:00,19.31,66.61,158.0,0,0,0
2025-01-01 07:10:00,20.07,71.55,145.1,0,0,0
2025-01-01 07:15:00,19.84,71.11,146.7,0,0,0
2025-01-01 07:20:00,19.47,63.46,141.4,0,0,0
2025-01-01 07:25:00,20.05,70.31,144.2,0,0,0
2025-01-01 07:30:00,19.9,64.96,142.2,0,0,0
2025-01-01 07:35:00,20.4,71.92,146.3,0,0,0
2025-01-01 07:40:00,19.62,68.7,147.9,0,0,0
2025-01-01 07:45:00,19.87,71.9,147.6,0,0,0
2025-01-01 07:50:00,19.9,69.11,137.3,0,0,0
2025-01-01 07:55:00,19.43,68.89,139.0,0,0,0
2025-01-01 08:00:00,20.37,46.29,131.8,1,0,0
2025-01-01 08:05:00,20.42,47.66,136.7,1,0,0
2025-01-01 08:10:00,20.35,45.39,146.3,0,0,0
2025-01-01 08:15:00,20.3,46.42,150.7,0,0,0
2025-01-01 08:20:00,19.77,44.82,137.8,0,0,0
2025-01-01 08:25:00,20.33,47.88,142.5,0,0,0
2025-01-01 08:30:00,20.44,43.65,147.1,0,0,0
2025-01-01 08:35:00,20.27,48.6,150.4,0,0,0
2025-01-01 08:40:00,20.66,44.92,146.8,0,0,0
2025-01-01 08:45:00,21.01,42.14,154.7,0,0,0
2025-01-01 08:50:00,21.81,45.26,151.9,0,0,0
2025-01-01 08:55:00,21.02,43.64,155.8,0,0,0
2025-01-01 09:00:00,21.13,46.68,160.0,0,0,0
2025-01-01 09:05:00,21.03,43.69,158.4,0,0,0
2025-01-01 09:10:00,20.17,44.11,157.0,0,0,0
2025-01-01 09:15:00,21.18,41.22,159.2,0,0,0
2025-01-01 09:20:00,21.29,44.1,159.6,0,0,0
2025-01-01 09:25:00,22.56,40.15,158.0,0,0,0
2025-01-01 09:30:00,21.3,41.83,158.2,0,0,0
2025-01-01 09:35:00,21.61,46.52,166.7,0,0,0
2025-01-01 09:40:00,21.5,46.57,160.5,0,0,0
2025-01-01 09:45:00,21.0,45.85,154.9,0,0,0
2025-01-01 09:50:00,22.22,43.07,158.4,0,0,0
2025-01-01 09:55:00,22.09,44.9,151.6,0,0,0
2025-01-01 10:00:00,22.17,44.99,157.4,0,0,0
2025-01-01 10:05:00,21.38,42.68,151.5,0,0,0
2025-01-01 10:10:00,22.6,48.01,147.3,0,0,0
2025-01-01 10:15:00,21.26,46.75,148.4,0,0,0
2025-01-01 10:20:00,22.32,44.56,136.7,0,0,0
2025-01-01 10:25:00,23.18,45.05,137.5,0,0,0
2025-01-01 10:30:00,21.65,45.42,135.9,0,0,0
2025-01-01 10:35:00,21.93,40.92,141.7,0,0,0
2025-01-01 10:40:00,22.32,44.51,149.0,0,0,0
2025-01-01 10:45:00,22.08,43.64,151.2,0,0,0
2025-01-01 10:50:00,21.61,43.0,143.2,0,0,0
2025-01-01 10:55:00,22.48,44.44,142.9,0,0,0
2025-01-01 11:00:00,21.97,48.6,132.1,0,0,0
2025-01-01 11:05:00,22.79,46.28,139.3,0,0,0
2025-01-01 11:10:00,22.15,43.86,139.3,0,0,0
2025-01-01 11:15:00,23.44,46.15,141.6,0,0,0
2025-01-01 11:20:00,22.33,47.8,145.5,0,0,0
2025-01-01 11:25:00,22.61,46.85,145.7,0,0,0
2025-01-01 11:30:00,23.23,45.12,140.0,0,0,0
2025-01-01 11:35:00,22.26,43.71,155.4,0,0,0
2025-01-01 11:40:00,23.04,46.4,148.1,0,0,0
2025-01-01 11:45:00,23.63,45.79,156.3,0,0,0
2025-01-01 11:50:00,22.22,46.79,166.9,0,0,0
2025-01-01 11:55:00,23.17,46.27,153.2,0,0,0
2025-01-01 12:00:00,23.25,47.1,146.2,0,0,0
2025-01-01 12:05:00,23.56,43.93,158.1,0,0,0
2025-01-01 12:10:00,22.59,47.63,165.4,0,0,0
2025-01-01 12:15:00,22.6,45.4,169.8,0,0,0
2025-01-01 12:20:00,23.56,49.15,153.6,0,0,0
2025-01-01 12:25:00,23.49,43.62,161.6,0,0,0
2025-01-01 12:30:00,23.51,48.47,155.9,0,0,0
2025-01-01 12:35:00,23.59,45.4,156.6,0,0,0
2025-01-01 12:40:00,23.12,43.7,168.9,0,0,0
2025-01-01 12:45:00,23.61,44.03,146.6,0,0,0
2025-01-01 12:50:00,23.68,44.36,153.7,0,0,0
2025-01-01 12:55:00,23.21,45.85,153.0,0,0,0
2025-01-01 13:00:00,24.53,46.05,154.2,0,0,0
2025-01-01 13:05:00,23.87,43.85,147.5,0,0,0
2025-01-01 13:10:00,23.07,44.95,146.9,0,0,0
2025-01-01 13:15:00,24.02,49.28,141.9,0,0,0
2025-01-01 13:20:00,23.23,48.46,143.8,0,0,0
2025-01-01 13:25:00,24.14,45.87,139.7,0,0,0
2025-01-01 13:30:00,24.35,45.08,143.7,0,0,0
2025-01-01 13:35:00,23.39,45.24,138.3,0,0,0
2025-01-01 13:40:00,24.3,46.23,141.9,0,0,0
2025-01-01 13:45:00,24.05,42.95,140.0,0,0,0
2025-01-01 13:50:00,24.27,44.49,146.3,0,0,0
2025-01-01 13:55:00,24.83,41.66,141.2,0,0,0
2025-01-01 14:00:00,23.78,45.8,133.7,0,0,0
2025-01-01 14:05:00,23.54,46.29,150.2,0,0,0
2025-01-01 14:10:00,23.48,44.03,140.9,0,0,0
2025-01-01 14:15:00,23.53,48.15,143.9,0,0,0
2025-01-01 14:20:00,23.92,42.55,145.9,0,0,0
2025-01-01 14:25:00,24.14,42.07,157.6,0,0,0
2025-01-01 14:30:00,24.11,45.45,141.8,0,0,0
2025-01-01 14:35:00,24.4,47.09,169.9,0,0,0
2025-01-01 14:40:00,24.0,48.37,161.1,0,0,0
2025-01-01 14:45:00,24.72,44.08,158.3,0,0,0
2025-01-01 14:50:00,23.86,47.16,158.0,0,0,0
2025-01-01 14:55:00,25.36,44.92,160.6,0,0,0
2025-01-01 15:00:00,24.31,44.65,162.4,0,0,0
2025-01-01 15:05:00,23.57,46.77,163.2,0,0,0
2025-01-01 15:10:00,23.46,46.3,162.7,0,0,0
2025-01-01 15:15:00,24.23,41.85,159.9,0,0,0
2025-01-01 15:20:00,23.88,47.95,157.8,0,0,0
2025-01-01 15:25:00,24.34,47.76,157.0,0,0,0
2025-01-01 15:30:00,24.21,43.75,155.5,0,0,0
2025-01-01 15:35:00,23.93,45.79,160.6,0,0,0
2025-01-01 15:40:00,23.53,45.99,156.3,0,0,0
2025-01-01 15:45:00,23.18,45.52,136.9,0,0,0
2025-01-01 15:50:00,23.71,43.9,153.0,0,0,0
2025-01-01 15:55:00,24.34,43.66,148.9,0,0,0
2025-01-01 16:00:00,24.0,44.95,146.1,0,0,0
2025-01-01 16:05:00,23.26,47.35,142.6,0,0,0
2025-01-01 16:10:00,23.95,46.09,148.8,0,0,0
2025-01-01 16:15:00,24.03,44.26,146.7,0,0,0
2025-01-01 16:20:00,23.38,46.54,137.1,0,0,0
2025-01-01 16:25:00,23.87,39.3,142.4,0,0,0
2025-01-01 16:30:00,23.8,47.3,135.2,0,0,0
2025-01-01 16:35:00,23.17,41.52,133.1,0,0,0
2025-01-01 16:40:00,23.9,44.28,137.2,0,0,0
2025-01-01 16:45:00,23.97,42.76,145.3,0,0,0
2025-01-01 16:50:00,24.2,42.41,146.7,0,0,0
2025-01-01 16:55:00,24.16,47.32,145.7,0,0,0
2025-01-01 17:00:00,22.91,44.06,148.2,0,0,0
2025-01-01 17:05:00,23.1,45.69,148.8,0,0,0
2025-01-01 17:10:00,23.79,44.91,144.8,0,0,0
2025-01-01 17:15:00,23.75,45.95,151.9,0,0,0
2025-01-01 17:20:00,23.71,45.15,155.6,0,0,0
2025-01-01 17:25:00,25.35,42.43,157.1,0,0,0
2025-01-01 17:30:00,23.67,46.99,160.9,0,0,0
2025-01-01 17:35:00,23.91,44.01,160.0,0,0,0
2025-01-01 17:40:00,23.78,41.89,159.5,0,0,0
2025-01-01 17:45:00,23.58,44.14,164.1,0,0,0
2025-01-01 17:50:00,23.05,48.0,159.4,0,0,0
2025-01-01 17:55:00,23.55,46.7,155.5,0,0,0
2025-01-01 18:00:00,22.73,44.3,159.2,1,0,0
2025-01-01 18:05:00,22.96,44.3,156.0,1,0,0
2025-01-01 18:10:00,22.78,44.36,155.8,0,0,0
2025-01-01 18:15:00,23.02,49.15,157.6,0,0,0
2025-01-01 18:20:00,24.09,45.76,153.2,0,0,0
2025-01-01 18:25:00,21.94,45.86,154.2,0,0,0
2025-01-01 18:30:00,23.17,47.06,144.7,0,0,0
2025-01-01 18:35:00,21.97,45.48,153.6,0,0,0
2025-01-01 18:40:00,22.48,44.48,150.7,0,0,0
2025-01-01 18:45:00,23.21,44.61,144.8,0,0,0
2025-01-01 18:50:00,22.64,44.86,150.4,0,0,0
2025-01-01 18:55:00,22.02,44.93,150.1,0,0,0
2025-01-01 19:00:00,22.14,73.89,135.8,0,0,0
2025-01-01 19:05:00,22.78,65.59,138.7,0,0,0
2025-01-01 19:10:00,22.02,75.49,137.6,0,0,0
2025-01-01 19:15:00,22.44,73.36,136.0,0,0,0
2025-01-01 19:20:00,22.29,71.84,144.3,0,0,0
2025-01-01 19:25:00,21.88,66.94,139.0,0,0,0
2025-01-01 19:30:00,23.22,75.76,138.8,0,0,0
2025-01-01 19:35:00,22.4,67.55,130.6,0,0,0
2025-01-01 19:40:00,21.01,67.79,144.6,0,0,0
2025-01-01 19:45:00,22.06,61.6,136.3,0,0,0
2025-01-01 19:50:00,21.57,77.12,144.1,0,0,0
2025-01-01 19:55:00,22.27,65.07,146.8,0,0,0
2025-01-01 20:00:00,21.38,47.22,153.9,0,0,0
2025-01-01 20:05:00,21.66,42.92,142.3,0,0,0
2025-01-01 20:10:00,21.9,46.23,135.6,0,0,0
2025-01-01 20:15:00,22.02,42.89,153.4,0,0,0
2025-01-01 20:20:00,20.92,43.75,163.2,0,0,0
2025-01-01 20:25:00,21.29,48.83,161.9,0,0,0
2025-01-01 20:30:00,21.15,44.62,158.2,0,0,0
2025-01-01 20:35:00,21.0,45.43,155.8,0,0,0
2025-01-01 20:40:00,22.14,46.74,163.2,0,0,0
2025-01-01 20:45:00,21.4,45.99,154.9,0,0,0
2025-01-01 20:50:00,20.5,45.3,162.4,0,0,0
2025-01-01 20:55:00,21.52,45.73,162.4,0,0,0
2025-01-01 21:00:00,22.06,49.81,164.8,0,0,0
2025-01-01 21:05:00,21.45,44.88,172.6,0,0,0
2025-01-01 21:10:00,20.11,45.4,159.7,0,0,0
2025-01-01 21:15:00,20.56,47.1,154.0,0,0,0
2025-01-01 21:20:00,21.37,47.21,154.9,0,0,0
2025-01-01 21:25:00,20.32,47.37,144.5,0,0,0
2025-01-01 21:30:00,20.83,46.28,148.2,0,0,0
2025-01-01 21:35:00,20.93,42.71,147.8,0,0,0
2025-01-01 21:40:00,20.02,48.27,145.4,0,0,0
2025-01-01 21:45:00,20.38,42.71,147.0,0,0,0
2025-01-01 21:50:00,18.73,45.61,140.5,0,0,0
2025-01-01 21:55:00,19.77,43.49,148.8,0,0,0
2025-01-01 22:00:00,20.1,44.87,142.0,0,0,0
2025-01-01 22:05:00,19.54,45.66,141.0,0,0,0
2025-01-01 22:10:00,20.91,45.64,138.7,0,0,0
2025-01-01 22:15:00,19.32,45.84,140.8,0,0,0
2025-01-01 22:20:00,19.75,48.23,144.2,0,0,0
2025-01-01 22:25:00,19.98,45.91,136.0,0,0,0
2025-01-01 22:30:00,20.57,44.51,137.7,0,0,0
2025-01-01 22:35:00,19.07,46.93,140.4,0,0,0
2025-01-01 22:40:00,20.31,47.38,136.4,0,0,0
2025-01-01 22:45:00,19.68,42.54,140.5,0,0,0
2025-01-01 22:50:00,19.12,46.19,143.8,0,0,0
2025-01-01 22:55:00,19.79,46.4,152.3,0,0,0
2025-01-01 23:00:00,19.6,44.4,151.0,0,0,0
2025-01-01 23:05:00,19.14,47.75,152.5,0,0,0
2025-01-01 23:10:00,19.42,44.7,157.5,0,0,0
2025-01-01 23:15:00,19.14,45.25,154.3,0,0,0
2025-01-01 23:20:00,19.34,44.65,158.4,0,0,0
2025-01-01 23:25:00,19.56,45.03,157.2,0,0,0
2025-01-01 23:30:00,19.97,42.81,160.1,0,0,0
2025-01-01 23:35:00,18.5,42.12,156.6,0,0,0
2025-01-01 23:40:00,20.14,48.19,147.7,0,0,0
2025-01-01 23:45:00,18.05,43.31,159.3,0,0,0
2025-01-01 23:50:00,18.9,43.02,166.9,0,0,0
2025-01-01 23:55:00,19.22,40.69,163.8,0,0,0
2025-01-02 00:00:00,19.02,43.72,163.2,0,0,0
2025-01-02 00:05:00,18.52,42.35,163.4,0,0,0
2025-01-02 00:10:00,18.68,48.28,156.3,0,0,0
2025-01-02 00:15:00,18.5,47.02,155.3,0,0,0
2025-01-02 00:20:00,18.41,43.62,149.5,0,0,0
2025-01-02 00:25:00,19.09,49.5,149.2,0,0,0
2025-01-02 00:30:00,18.8,46.96,152.0,0,0,0
2025-01-02 00:35:00,18.23,44.35,153.2,0,0,0
2025-01-02 00:40:00,18.99,40.0,144.8,0,0,0
2025-01-02 00:45:00,18.66,49.58,141.7,0,0,0
2025-01-02 00:50:00,18.88,42.22,142.6,0,0,0
2025-01-02 00:55:00,18.75,41.71,144.5,0,0,0
2025-01-02 01:00:00,17.99,47.05,133.5,0,0,0
2025-01-02 01:05:00,18.09,49.88,128.7,0,0,0
2025-01-02 01:10:00,18.71,47.77,137.2,0,0,0
2025-01-02 01:15:00,18.61,46.13,134.0,0,0,0
2025-01-02 01:20:00,18.27,46.19,138.1,0,0,0
2025-01-02 01:25:00,18.31,46.71,140.7,0,0,0
2025-01-02 01:30:00,18.87,46.52,140.2,0,0,0
2025-01-02 01:35:00,17.91,45.56,151.1,0,0,0
2025-01-02 01:40:00,18.45,45.21,146.9,0,0,0
2025-01-02 01:45:00,18.06,44.87,148.5,0,0,0
2025-01-02 01:50:00,18.03,43.49,151.9,0,0,0
2025-01-02 01:55:00,18.67,44.44,144.9,0,0,0
2025-01-02 02:00:00,18.51,41.61,157.6,0,0,0
2025-01-02 02:05:00,18.49,44.8,153.7,0,0,0
2025-01-02 02:10:00,18.72,43.02,159.0,0,0,0
2025-01-02 02:15:00,18.07,42.79,151.7,0,0,0
2025-01-02 02:20:00,18.39,45.36,150.5,0,0,0
2025-01-02 02:25:00,17.88,47.78,163.2,0,0,0
2025-01-02 02:30:00,18.19,46.84,161.6,0,0,0
2025-01-02 02:35:00,17.95,41.86,155.5,0,0,0
2025-01-02 02:40:00,18.06,43.02,155.6,0,0,0
2025-01-02 02:45:00,18.3,46.88,165.2,0,0,0
2025-01-02 02:50:00,17.59,43.04,152.9,0,0,0
2025-01-02 02:55:00,19.05,44.55,166.0,0,0,0
2025-01-02 03:00:00,17.5,46.1,152.1,0,0,0
2025-01-02 03:05:00,17.39,43.06,158.3,0,0,0
2025-01-02 03:10:00,18.58,45.21,151.8,0,0,0
2025-01-02 03:15:00,18.4,42.33,154.7,0,0,0
2025-01-02 03:20:00,18.32,43.8,147.2,0,0,0
2025-01-02 03:25:00,18.33,45.64,147.3,0,0,0
2025-01-02 03:30:00,18.02,41.81,146.5,0,0,0
2025-01-02 03:35:00,17.59,45.88,139.7,0,0,0
2025-01-02 03:40:00,18.08,44.96,147.0,0,0,0
2025-01-02 03:45:00,17.72,46.1,139.5,0,0,0
2025-01-02 03:50:00,18.56,45.45,139.9,0,0,0
2025-01-02 03:55:00,18.01,47.73,135.4,0,0,0
2025-01-02 04:00:00,17.69,45.25,127.2,0,0,0
2025-01-02 04:05:00,17.96,44.14,139.1,0,0,0
2025-01-02 04:10:00,18.35,45.24,152.4,0,0,0
2025-01-02 04:15:00,17.88,46.09,144.9,0,0,0
2025-01-02 04:20:00,17.77,45.1,141.8,0,0,0
2025-01-02 04:25:00,18.33,45.08,141.8,0,0,0
2025-01-02 04:30:00,18.35,43.6,144.6,0,0,0
2025-01-02 04:35:00,18.0,43.67,148.8,0,0,0
2025-01-02 04:40:00,18.05,42.19,141.9,0,0,0
2025-01-02 04:45:00,18.43,48.5,155.2,0,0,0
2025-01-02 04:50:00,17.61,42.51,155.0,0,0,0
2025-01-02 04:55:00,17.67,43.61,156.8,0,0,0
2025-01-02 05:00:00,18.04,43.56,157.1,0,0,0
2025-01-02 05:05:00,18.33,46.79,156.5,0,0,0
2025-01-02 05:10:00,18.63,44.41,161.0,0,0,0
2025-01-02 05:15:00,19.24,47.5,161.7,0,0,0
2025-01-02 05:20:00,18.97,43.65,157.7,0,0,0
2025-01-02 05:25:00,18.5,45.56,157.0,0,0,0
2025-01-02 05:30:00,18.61,43.33,160.5,0,0,0
2025-01-02 05:35:00,18.16,49.29,167.5,0,0,0
2025-01-02 05:40:00,18.69,42.62,153.0,0,0,0
2025-01-02 05:45:00,18.6,45.62,151.0,0,0,0
2025-01-02 05:50:00,18.95,46.27,158.1,0,0,0
2025-01-02 05:55:00,18.42,45.83,156.1,0,0,0
2025-01-02 06:00:00,19.14,44.63,155.2,0,0,0
2025-01-02 06:05:00,19.69,44.74,153.8,0,0,0
2025-01-02 06:10:00,18.92,45.09,149.7,0,0,0
2025-01-02 06:15:00,19.22,44.71,156.5,0,0,0
2025-01-02 06:20:00,19.42,46.93,139.2,0,0,0
2025-01-02 06:25:00,18.92,49.42,141.4,0,0,0
2025-01-02 06:30:00,19.29,43.89,143.5,0,0,0
2025-01-02 06:35:00,19.23,42.26,134.4,0,0,0
2025-01-02 06:40:00,19.33,44.82,140.7,0,0,0
2025-01-02 06:45:00,18.95,50.16,149.0,0,0,0
2025-01-02 06:50:00,19.4,43.39,140.3,0,0,0
2025-01-02 06:55:00,19.69,48.28,141.2,0,0,0
2025-01-02 07:00:00,20.23,74.18,133.8,0,0,0
2025-01-02 07:05:00,20.04,73.85,137.5,0,0,0
2025-01-02 07:10:00,20.69,74.69,139.5,0,0,0
2025-01-02 07:15:00,19.29,73.47,140.8,0,0,0
2025-01-02 07:20:00,20.17,64.88,150.1,0,0,0
2025-01-02 07:25:00,19.88,72.91,148.0,0,0,0
2025-01-02 07:30:00,20.95,69.83,141.4,0,0,0
2025-01-02 07:35:00,19.51,64.12,149.9,0,0,0
2025-01-02 07:40:00,19.55,64.64,153.0,0,0,0
2025-01-02 07:45:00,19.74,71.65,158.0,0,0,0
2025-01-02 07:50:00,19.04,71.76,161.9,0,0,0
2025-01-02 07:55:00,19.9,71.75,150.5,0,0,0
2025-01-02 08:00:00,19.84,45.47,153.0,1,0,0
2025-01-02 08:05:00,15.36,41.89,151.9,1,0,1
2025-01-02 08:10:00,15.52,45.66,157.9,0,0,1
2025-01-02 08:15:00,16.35,46.67,162.0,0,0,1
2025-01-02 08:20:00,15.95,41.01,164.9,0,0,1
2025-01-02 08:25:00,15.26,45.75,159.6,0,0,1
2025-01-02 08:30:00,15.16,47.46,158.0,0,0,1
2025-01-02 08:35:00,15.92,42.58,159.6,0,0,1
2025-01-02 08:40:00,15.08,48.35,153.7,0,0,1
2025-01-02 08:45:00,16.72,45.84,167.1,0,0,1
2025-01-02 08:50:00,16.46,43.59,147.1,0,0,1
2025-01-02 08:55:00,15.7,44.89,154.5,0,0,1
2025-01-02 09:00:00,15.14,46.12,161.9,0,0,1
2025-01-02 09:05:00,21.74,45.15,150.0,0,0,0
2025-01-02 09:10:00,21.07,46.08,147.2,0,0,0
2025-01-02 09:15:00,21.82,43.16,144.6,0,0,0
2025-01-02 09:20:00,20.46,45.34,143.9,0,0,0
2025-01-02 09:25:00,21.03,42.17,150.2,0,0,0
2025-01-02 09:30:00,21.39,44.78,131.0,0,0,0
2025-01-02 09:35:00,21.48,43.19,148.8,0,0,0
2025-01-02 09:40:00,21.3,43.53,133.3,0,0,0
2025-01-02 09:45:00,21.9,47.47,138.7,0,0,0
2025-01-02 09:50:00,21.12,47.18,137.9,0,0,0
2025-01-02 09:55:00,21.64,46.22,143.3,0,0,0
2025-01-02 10:00:00,21.84,42.82,132.9,0,0,0
2025-01-02 10:05:00,22.1,44.37,144.2,0,0,0
2025-01-02 10:10:00,22.26,47.43,153.1,0,0,0
2025-01-02 10:15:00,21.4,45.28,137.6,0,0,0
2025-01-02 10:20:00,21.26,49.64,147.0,0,0,0
2025-01-02 10:25:00,22.73,45.79,144.5,0,0,0
2025-01-02 10:30:00,22.31,45.38,151.7,0,0,0
2025-01-02 10:35:00,21.83,44.38,151.5,0,0,0
2025-01-02 10:40:00,23.04,45.27,149.9,0,0,0
2025-01-02 10:45:00,22.38,44.7,157.3,0,0,0
2025-01-02 10:50:00,22.97,46.42,165.3,0,0,0
2025-01-02 10:55:00,22.48,46.91,156.7,0,0,0
2025-01-02 11:00:00,23.53,43.43,162.3,0,0,0
2025-01-02 11:05:00,23.43,42.34,153.0,0,0,0
2025-01-02 11:10:00,22.49,41.33,155.1,0,0,0
2025-01-02 11:15:00,23.15,46.02,162.4,0,0,0
2025-01-02 11:20:00,23.04,42.79,167.2,0,0,0
2025-01-02 11:25:00,23.46,40.69,161.0,0,0,0
2025-01-02 11:30:00,22.34,45.78,156.9,0,0,0
2025-01-02 11:35:00,23.22,49.99,157.3,0,0,0
2025-01-02 11:40:00,23.46,44.99,149.7,0,0,0
2025-01-02 11:45:00,22.1,46.68,157.4,0,0,0
2025-01-02 11:50:00,22.44,45.16,157.1,0,0,0
2025-01-02 11:55:00,22.05,44.8,148.6,0,0,0
2025-01-02 12:00:00,22.99,46.84,146.7,0,0,0
2025-01-02 12:05:00,23.53,44.42,148.6,0,0,0
2025-01-02 12:10:00,23.96,45.53,143.4,0,0,0
2025-01-02 12:15:00,23.29,45.64,143.7,0,0,0
2025-01-02 12:20:00,24.11,43.66,153.2,0,0,0
2025-01-02 12:25:00,22.65,46.98,140.3,0,0,0
2025-01-02 12:30:00,22.53,44.65,139.0,0,0,0
2025-01-02 12:35:00,23.39,43.49,137.0,0,0,0
2025-01-02 12:40:00,23.65,46.07,143.7,0,0,0
2025-01-02 12:45:00,23.48,43.2,139.2,0,0,0
2025-01-02 12:50:00,22.5,45.06,137.3,0,0,0
2025-01-02 12:55:00,23.52,44.98,147.9,0,0,0
2025-01-02 13:00:00,22.95,47.17,149.5,0,0,0
2025-01-02 13:05:00,23.97,45.95,140.7,0,0,0
2025-01-02 13:10:00,23.84,44.95,135.9,0,0,0
2025-01-02 13:15:00,23.22,46.64,151.9,0,0,0
2025-01-02 13:20:00,23.46,47.78,145.2,0,0,0
2025-01-02 13:25:00,23.22,46.12,154.4,0,0,0
2025-01-02 13:30:00,23.74,45.02,142.4,0,0,0
2025-01-02 13:35:00,24.27,42.38,158.4,0,0,0
2025-01-02 13:40:00,23.33,42.87,149.5,0,0,0
2025-01-02 13:45:00,24.09,44.39,160.6,0,0,0
2025-01-02 13:50:00,23.6,43.78,158.2,0,0,0
2025-01-02 13:55:00,23.48,44.63,154.3,0,0,0
2025-01-02 14:00:00,23.84,45.11,157.6,0,0,0
2025-01-02 14:05:00,23.4,46.06,163.4,0,0,0
2025-01-02 14:10:00,23.65,44.86,160.5,0,0,0
2025-01-02 14:15:00,23.34,45.97,162.5,0,0,0
2025-01-02 14:20:00,24.94,45.13,168.8,0,0,0
2025-01-02 14:25:00,23.98,41.05,150.1,0,0,0
2025-01-02 14:30:00,23.62,43.12,164.8,0,0,0
2025-01-02 14:35:00,24.09,44.71,155.7,0,0,0
2025-01-02 14:40:00,23.93,42.58,149.1,0,0,0
2025-01-02 14:45:00,23.88,46.2,145.2,0,0,0
2025-01-02 14:50:00,24.3,48.06,149.1,0,0,0
2025-01-02 14:55:00,24.38,47.44,152.8,0,0,0
2025-01-02 15:00:00,23.73,44.57,145.8,0,0,0
2025-01-02 15:05:00,23.71,47.98,152.4,0,0,0
2025-01-02 15:10:00,23.86,45.3,136.1,0,0,0
2025-01-02 15:15:00,22.84,44.33,142.1,0,0,0
2025-01-02 15:20:00,23.23,43.77,134.9,0,0,0
2025-01-02 15:25:00,24.67,44.4,142.3,0,0,0
2025-01-02 15:30:00,24.8,44.22,144.5,0,0,0
2025-01-02 15:35:00,23.84,45.34,137.9,0,0,0
2025-01-02 15:40:00,24.24,45.32,127.3,0,0,0
2025-01-02 15:45:00,24.1,45.01,141.9,0,0,0
2025-01-02 15:50:00,25.47,45.87,144.0,0,0,0
2025-01-02 15:55:00,24.47,47.38,145.0,0,0,0
2025-01-02 16:00:00,23.83,46.9,150.6,0,0,0
2025-01-02 16:05:00,23.4,42.03,140.6,0,0,0
2025-01-02 16:10:00,23.06,39.89,151.1,0,0,0
2025-01-02 16:15:00,23.94,46.87,155.5,0,0,0
2025-01-02 16:20:00,23.44,42.27,142.4,0,0,0
2025-01-02 16:25:00,23.08,44.55,154.7,0,0,0
2025-01-02 16:30:00,23.45,42.66,152.2,0,0,0
2025-01-02 16:35:00,23.21,41.4,155.9,0,0,0
2025-01-02 16:40:00,24.56,46.08,159.3,0,0,0
2025-01-02 16:45:00,24.13,46.52,156.2,0,0,0
2025-01-02 16:50:00,23.66,43.85,156.0,0,0,0
2025-01-02 16:55:00,24.37,39.82,160.0,0,0,0
2025-01-02 17:00:00,23.64,43.91,154.6,0,0,0
2025-01-02 17:05:00,23.13,45.78,154.4,0,0,0
2025-01-02 17:10:00,24.29,42.04,162.7,0,0,0
2025-01-02 17:15:00,23.76,45.37,152.7,0,0,0
2025-01-02 17:20:00,22.94,44.97,160.7,0,0,0
2025-01-02 17:25:00,23.32,46.16,158.3,0,0,0
2025-01-02 17:30:00,22.94,45.24,145.8,0,0,0
2025-01-02 17:35:00,22.65,43.05,149.4,0,0,0
2025-01-02 17:40:00,23.76,47.39,157.0,0,0,0
2025-01-02 17:45:00,24.21,44.68,144.3,0,0,0
2025-01-02 17:50:00,22.51,44.95,145.1,0,0,0
2025-01-02 17:55:00,23.45,43.13,148.0,0,0,0
2025-01-02 18:00:00,22.8,44.11,148.0,1,0,0
2025-01-02 18:05:00,22.83,43.23,141.5,1,0,0
2025-01-02 18:10:00,22.73,44.65,138.6,0,0,0
2025-01-02 18:15:00,22.55,48.42,147.9,0,0,0
2025-01-02 18:20:00,22.95,42.26,148.9,0,0,0
2025-01-02 18:25:00,22.46,41.77,144.9,0,0,0
2025-01-02 18:30:00,22.96,47.94,140.5,0,0,0
2025-01-02 18:35:00,22.75,44.58,136.5,0,0,0
2025-01-02 18:40:00,22.6,43.66,137.1,0,0,0
2025-01-02 18:45:00,22.21,47.08,144.9,0,0,0
2025-01-02 18:50:00,22.32,43.79,145.7,0,0,0
2025-01-02 18:55:00,22.93,48.65,152.1,0,0,0
2025-01-02 19:00:00,22.75,75.15,150.0,0,0,0
2025-01-02 19:05:00,21.95,69.74,141.0,0,0,0
2025-01-02 19:10:00,22.43,74.49,155.6,0,0,0
2025-01-02 19:15:00,22.7,68.09,147.2,0,0,0
2025-01-02 19:20:00,21.43,69.65,152.0,0,0,0
2025-01-02 19:25:00,22.48,69.94,156.8,0,0,0
2025-01-02 19:30:00,21.82,75.34,166.9,0,0,0
2025-01-02 19:35:00,22.37,74.14,173.7,0,0,0
2025-01-02 19:40:00,21.64,73.99,162.1,0,0,0
2025-01-02 19:45:00,21.06,67.93,158.7,0,0,0
2025-01-02 19:50:00,21.09,71.99,162.6,0,0,0
2025-01-02 19:55:00,21.86,69.96,164.4,0,0,0
2025-01-02 20:00:00,21.91,49.03,158.0,0,0,0
2025-01-02 20:05:00,21.26,45.27,167.9,0,0,0
2025-01-02 20:10:00,21.97,44.27,159.1,0,0,0
2025-01-02 20:15:00,20.75,45.37,159.2,0,0,0
2025-01-02 20:20:00,21.49,42.31,158.6,0,0,0
2025-01-02 20:25:00,20.85,43.06,155.8,0,0,0
2025-01-02 20:30:00,21.07,47.4,156.1,0,0,0
2025-01-02 20:35:00,21.35,43.69,147.0,0,0,0
2025-01-02 20:40:00,20.83,42.91,145.5,0,0,0
2025-01-02 20:45:00,21.0,46.07,141.0,0,0,0
2025-01-02 20:50:00,21.63,47.37,147.1,0,0,0
2025-01-02 20:55:00,20.78,46.44,147.3,0,0,0
2025-01-02 21:00:00,21.42,46.99,144.5,0,0,0
2025-01-02 21:05:00,20.37,43.49,149.5,0,0,0
2025-01-02 21:10:00,21.13,42.16,140.4,0,0,0
2025-01-02 21:15:00,21.52,48.0,143.4,0,0,0
2025-01-02 21:20:00,19.5,44.35,134.6,0,0,0
2025-01-02 21:25:00,20.27,44.5,138.3,0,0,0
2025-01-02 21:30:00,20.9,47.66,144.3,0,0,0
2025-01-02 21:35:00,20.44,46.11,146.0,0,0,0
2025-01-02 21:40:00,20.66,45.91,141.5,0,0,0
2025-01-02 21:45:00,20.11,49.33,144.0,0,0,0
2025-01-02 21:50:00,20.39,43.71,138.3,0,0,0
2025-01-02 21:55:00,20.21,46.86,145.8,0,0,0
2025-01-02 22:00:00,20.81,45.11,153.9,0,0,0
2025-01-02 22:05:00,20.29,45.54,154.1,0,0,0
2025-01-02 22:10:00,20.27,48.06,155.5,0,0,0
2025-01-02 22:15:00,19.83,46.02,154.9,0,0,0
2025-01-02 22:20:00,19.73,46.08,156.2,0,0,0
2025-01-02 22:25:00,19.7,47.15,154.2,0,0,0
2025-01-02 22:30:00,20.05,44.27,162.1,0,0,0
2025-01-02 22:35:00,19.58,43.32,161.5,0,0,0
2025-01-02 22:40:00,19.88,42.91,162.3,0,0,0
2025-01-02 22:45:00,20.71,41.07,157.4,0,0,0
2025-01-02 22:50:00,20.05,49.11,149.1,0,0,0
2025-01-02 22:55:00,19.39,42.79,164.8,0,0,0
2025-01-02 23:00:00,20.1,44.56,156.1,0,0,0
2025-01-02 23:05:00,19.24,44.45,153.1,0,0,0
2025-01-02 23:10:00,18.37,45.61,159.5,0,0,0
2025-01-02 23:15:00,18.83,46.63,152.6,0,0,0
2025-01-02 23:20:00,18.34,46.72,158.1,0,0,0
2025-01-02 23:25:00,19.05,43.83,154.1,0,0,0
2025-01-02 23:30:00,19.18,44.67,152.7,0,0,0
2025-01-02 23:35:00,19.96,45.57,140.6,0,0,0
2025-01-02 23:40:00,19.24,44.5,151.8,0,0,0
2025-01-02 23:45:00,18.91,48.21,145.5,0,0,0
2025-01-02 23:50:00,19.39,45.98,140.9,0,0,0
2025-01-02 23:55:00,17.82,46.47,142.4,0,0,0
2025-01-03 00:00:00,19.0,46.33,131.9,0,0,0
2025-01-03 00:05:00,19.22,47.35,142.3,0,0,0
2025-01-03 00:10:00,18.05,45.36,134.9,0,0,0
2025-01-03 00:15:00,19.32,42.41,133.3,0,0,0
2025-01-03 00:20:00,18.87,45.8,132.9,0,0,0
2025-01-03 00:25:00,18.45,43.7,146.8,0,0,0
2025-01-03 00:30:00,18.94,43.94,139.1,0,0,0
2025-01-03 00:35:00,19.72,46.17,151.2,0,0,0
2025-01-03 00:40:00,18.63,47.48,142.4,0,0,0
2025-01-03 00:45:00,18.63,45.04,138.2,0,0,0
2025-01-03 00:50:00,18.24,45.62,142.9,0,0,0
2025-01-03 00:55:00,18.01,48.4,156.5,0,0,0
2025-01-03 01:00:00,18.82,45.48,151.3,0,0,0
2025-01-03 01:05:00,17.94,50.2,151.1,0,0,0
2025-01-03 01:10:00,18.37,46.13,156.2,0,0,0
2025-01-03 01:15:00,18.07,41.48,159.4,1,0,4
2025-01-03 01:20:00,18.52,46.51,163.7,0,0,0
2025-01-03 01:25:00,18.42,45.76,166.2,0,0,0
2025-01-03 01:30:00,18.75,47.58,157.8,0,0,0
2025-01-03 01:35:00,17.95,46.35,153.3,0,0,0
2025-01-03 01:40:00,18.05,44.72,157.9,0,0,0
2025-01-03 01:45:00,17.67,42.55,160.9,0,0,0
2025-01-03 01:50:00,17.92,44.58,154.1,0,0,0
2025-01-03 01:55:00,18.31,43.3,153.2,0,0,0
2025-01-03 02:00:00,18.48,43.84,158.5,0,0,0
2025-01-03 02:05:00,17.62,46.18,155.1,0,0,0
2025-01-03 02:10:00,18.51,48.34,153.9,0,0,0
2025-01-03 02:15:00,18.74,45.79,148.2,0,0,0
2025-01-03 02:20:00,18.25,42.61,149.0,0,0,0
2025-01-03 02:25:00,18.97,45.89,143.7,0,0,0
2025-01-03 02:30:00,17.64,47.39,151.1,0,0,0
2025-01-03 02:35:00,17.4,43.78,150.1,0,0,0
2025-01-03 02:40:00,17.12,44.73,134.3,0,0,0
2025-01-03 02:45:00,18.75,45.03,137.6,0,0,0
2025-01-03 02:50:00,18.33,43.43,133.7,0,0,0
2025-01-03 02:55:00,17.97,46.3,137.2,0,0,0
2025-01-03 03:00:00,18.14,44.76,139.7,0,0,0
2025-01-03 03:05:00,17.44,45.84,132.8,0,0,0
2025-01-03 03:10:00,19.23,43.23,135.7,0,0,0
2025-01-03 03:15:00,18.07,44.13,135.8,0,0,0
2025-01-03 03:20:00,18.07,46.44,142.8,0,0,0
2025-01-03 03:25:00,18.38,44.25,143.2,0,0,0
2025-01-03 03:30:00,18.27,48.45,140.6,0,0,0
2025-01-03 03:35:00,18.15,44.2,146.7,0,0,0
2025-01-03 03:40:00,17.65,45.45,144.8,0,0,0
2025-01-03 03:45:00,18.29,46.87,148.0,0,0,0
2025-01-03 03:50:00,19.01,42.16,159.5,0,0,0
2025-01-03 03:55:00,18.76,41.48,159.6,0,0,0
2025-01-03 04:00:00,18.9,41.95,148.1,0,0,0
2025-01-03 04:05:00,17.86,47.53,160.3,0,0,0
2025-01-03 04:10:00,17.64,43.9,161.5,0,0,0
2025-01-03 04:15:00,18.1,50.12,152.8,0,0,0
2025-01-03 04:20:00,18.21,43.87,163.4,0,0,0
2025-01-03 04:25:00,18.75,45.37,167.5,0,0,0
2025-01-03 04:30:00,17.38,48.08,154.4,0,0,0
2025-01-03 04:35:00,19.02,49.01,155.2,0,0,0
2025-01-03 04:40:00,18.2,49.12,164.4,0,0,0
2025-01-03 04:45:00,18.1,47.42,159.9,0,0,0
2025-01-03 04:50:00,17.83,47.05,160.2,0,0,0
2025-01-03 04:55:00,17.54,46.19,157.8,0,0,0
2025-01-03 05:00:00,18.81,46.56,156.5,0,0,0
2025-01-03 05:05:00,18.47,43.9,146.3,0,0,0
2025-01-03 05:10:00,17.82,43.36,156.4,0,0,0
2025-01-03 05:15:00,17.86,44.99,155.2,0,0,0
2025-01-03 05:20:00,18.37,44.66,146.4,0,0,0
2025-01-03 05:25:00,19.42,44.09,145.6,0,0,0
2025-01-03 05:30:00,18.49,46.39,136.6,0,0,0
2025-01-03 05:35:00,17.91,46.91,145.4,0,0,0
2025-01-03 05:40:00,18.58,45.18,144.6,0,0,0
2025-01-03 05:45:00,18.61,47.96,140.5,0,0,0
2025-01-03 05:50:00,17.44,42.72,145.9,0,0,0
2025-01-03 05:55:00,18.81,44.61,138.3,0,0,0
2025-01-03 06:00:00,18.76,43.57,142.9,0,0,0
2025-01-03 06:05:00,19.27,41.27,135.4,0,1,5
2025-01-03 06:10:00,19.9,44.83,141.1,0,1,5
2025-01-03 06:15:00,19.59,84.76,141.4,0,1,5
2025-01-03 06:20:00,18.94,88.03,144.6,0,0,0
2025-01-03 06:25:00,18.57,46.26,143.1,0,0,2
2025-01-03 06:30:00,20.46,42.95,146.0,0,0,0
2025-01-03 06:35:00,19.26,48.71,152.5,0,0,0
2025-01-03 06:40:00,19.29,47.44,148.0,0,0,0
2025-01-03 06:45:00,19.32,46.16,144.0,0,0,0
2025-01-03 06:50:00,19.49,44.55,162.5,0,0,0
2025-01-03 06:55:00,19.37,43.08,162.3,0,0,0
2025-01-03 07:00:00,19.21,70.17,150.4,0,0,0
2025-01-03 07:05:00,19.28,74.2,161.5,0,0,0
2025-01-03 07:10:00,19.6,71.14,156.5,0,0,0
2025-01-03 07:15:00,19.4,73.21,160.9,0,0,0
2025-01-03 07:20:00,19.38,65.06,161.4,0,0,0
2025-01-03 07:25:00,19.84,66.61,158.8,0,0,0
2025-01-03 07:30:00,19.72,70.16,155.7,0,0,0
2025-01-03 07:35:00,20.66,67.99,155.5,0,0,0
2025-01-03 07:40:00,18.65,75.15,153.5,0,0,0
2025-01-03 07:45:00,20.58,70.71,152.7,0,0,0
2025-01-03 07:50:00,20.72,71.5,155.1,0,0,0
2025-01-03 07:55:00,19.12,66.87,150.2,0,0,0
2025-01-03 08:00:00,20.05,46.03,155.5,1,0,0
2025-01-03 08:05:00,20.1,43.93,157.7,1,0,0
2025-01-03 08:10:00,19.65,42.66,145.5,0,0,0
2025-01-03 08:15:00,20.03,39.26,147.9,0,0,0
2025-01-03 08:20:00,19.92,44.94,147.5,0,0,0
2025-01-03 08:25:00,21.42,48.54,145.9,0,0,0
2025-01-03 08:30:00,21.08,48.32,142.6,0,0,0
2025-01-03 08:35:00,21.31,44.09,145.0,0,0,0
2025-01-03 08:40:00,21.1,43.8,142.9,0,0,0
2025-01-03 08:45:00,20.24,45.94,133.9,0,0,0
2025-01-03 08:50:00,20.61,43.0,144.4,0,0,0
2025-01-03 08:55:00,21.18,45.6,144.7,0,0,0
2025-01-03 09:00:00,20.39,46.53,137.0,0,0,0
2025-01-03 09:05:00,21.42,47.45,141.9,0,0,0
2025-01-03 09:10:00,21.01,44.8,146.2,0,0,0
2025-01-03 09:15:00,21.01,44.59,143.2,0,0,0
2025-01-03 09:20:00,21.62,43.24,151.1,0,0,0
2025-01-03 09:25:00,21.55,43.35,159.3,0,0,0
2025-01-03 09:30:00,21.21,44.55,145.3,0,0,0
2025-01-03 09:35:00,22.04,45.73,144.2,0,0,0
2025-01-03 09:40:00,20.98,46.83,154.4,0,0,0
2025-01-03 09:45:00,21.89,43.39,158.2,0,0,0
2025-01-03 09:50:00,21.95,47.99,154.9,0,0,0
2025-01-03 09:55:00,21.56,44.46,164.7,0,0,0
2025-01-03 10:00:00,21.94,44.96,151.8,0,0,0
2025-01-03 10:05:00,21.21,43.51,162.8,0,0,0
2025-01-03 10:10:00,22.36,40.15,156.8,0,0,0
2025-01-03 10:15:00,21.87,46.77,168.6,0,0,0
2025-01-03 10:20:00,21.76,46.47,169.8,0,0,0
2025-01-03 10:25:00,22.61,44.44,155.5,0,0,0
2025-01-03 10:30:00,21.8,45.13,155.8,0,0,0
2025-01-03 10:35:00,21.5,46.03,161.8,0,0,0
2025-01-03 10:40:00,21.49,41.87,154.2,0,0,0
2025-01-03 10:45:00,22.63,43.94,154.4,0,0,0
2025-01-03 10:50:00,21.75,46.59,153.1,0,0,0
2025-01-03 10:55:00,23.32,42.49,141.6,0,0,0
2025-01-03 11:00:00,21.46,45.59,149.3,0,0,0
2025-01-03 11:05:00,23.4,42.29,144.1,0,0,0
2025-01-03 11:10:00,22.72,45.93,143.4,0,0,0
2025-01-03 11:15:00,22.62,44.93,151.5,0,0,0
2025-01-03 11:20:00,22.45,41.77,136.6,0,0,0
2025-01-03 11:25:00,22.97,47.33,145.8,0,0,0
2025-01-03 11:30:00,22.81,43.53,139.5,0,0,0
2025-01-03 11:35:00,23.43,43.38,138.9,0,0,0
2025-01-03 11:40:00,22.99,45.4,144.0,0,0,0
2025-01-03 11:45:00,23.05,47.3,141.8,0,0,0
2025-01-03 11:50:00,22.84,42.97,143.3,0,0,0
2025-01-03 11:55:00,23.05,45.12,146.0,0,0,0
2025-01-03 12:00:00,23.28,45.86,140.5,0,0,0
2025-01-03 12:05:00,22.31,46.39,140.4,0,0,0
2025-01-03 12:10:00,22.54,45.35,139.5,0,0,0
2025-01-03 12:15:00,23.63,44.27,142.4,0,0,0
2025-01-03 12:20:00,23.38,43.34,163.1,0,0,0
2025-01-03 12:25:00,23.25,45.17,156.4,0,0,0
2025-01-03 12:30:00,23.39,42.86,145.2,0,0,0
2025-01-03 12:35:00,23.59,39.16,147.1,0,0,0
2025-01-03 12:40:00,23.19,45.87,157.7,0,0,0
2025-01-03 12:45:00,23.11,46.81,159.5,0,0,0
2025-01-03 12:50:00,23.63,40.27,160.7,0,0,0
2025-01-03 12:55:00,23.08,42.98,157.7,0,0,0
2025-01-03 13:00:00,23.8,46.24,159.0,0,0,0
2025-01-03 13:05:00,22.78,49.11,0.0,0,0,3
2025-01-03 13:10:00,24.18,45.04,0.0,0,0,3
2025-01-03 13:15:00,23.93,43.54,0.0,0,0,3
2025-01-03 13:20:00,23.85,44.63,0.0,0,0,3
2025-01-03 13:25:00,24.24,47.75,0.0,0,0,3
2025-01-03 13:30:00,24.6,43.71,0.0,0,0,3
2025-01-03 13:35:00,24.3,43.4,0.0,0,0,3
2025-01-03 13:40:00,22.9,44.03,0.0,0,0,3
2025-01-03 13:45:00,23.2,43.09,0.0,0,0,3
2025-01-03 13:50:00,23.55,45.25,0.0,0,0,3
2025-01-03 13:55:00,23.89,48.25,0.0,0,0,3
2025-01-03 14:00:00,24.16,45.65,0.0,0,0,3
2025-01-03 14:05:00,23.55,44.5,0.0,0,0,3
2025-01-03 14:10:00,24.02,44.42,0.0,0,0,3
2025-01-03 14:15:00,23.56,41.87,0.0,0,0,3
2025-01-03 14:20:00,23.65,46.77,0.0,0,0,3
2025-01-03 14:25:00,23.26,44.84,0.0,0,0,3
2025-01-03 14:30:00,23.51,44.64,0.0,0,0,3
2025-01-03 14:35:00,23.31,51.39,0.0,0,0,3
2025-01-03 14:40:00,23.5,45.6,0.0,0,0,3
2025-01-03 14:45:00,24.52,43.5,0.0,0,0,3
2025-01-03 14:50:00,23.52,44.15,0.0,0,0,3
2025-01-03 14:55:00,25.32,47.3,0.0,0,0,3
2025-01-03 15:00:00,24.25,45.23,0.0,0,0,3
2025-01-03 15:05:00,24.09,42.12,146.0,0,0,0
2025-01-03 15:10:00,23.57,46.84,143.9,0,0,0
2025-01-03 15:15:00,24.34,43.66,142.9,0,0,0
2025-01-03 15:20:00,23.7,48.75,149.9,0,0,0
2025-01-03 15:25:00,24.04,47.16,151.3,0,0,0
2025-01-03 15:30:00,25.25,44.11,166.6,0,0,0
2025-01-03 15:35:00,23.92,47.56,158.2,0,0,0
2025-01-03 15:40:00,24.53,45.14,150.5,0,0,0
2025-01-03 15:45:00,23.59,46.71,155.7,0,0,0
2025-01-03 15:50:00,23.91,45.97,164.4,0,0,0
2025-01-03 15:55:00,24.8,43.31,170.3,0,0,0
2025-01-03 16:00:00,23.58,43.71,152.1,0,0,0
2025-01-03 16:05:00,24.79,47.06,150.5,0,0,0
2025-01-03 16:10:00,24.22,44.33,168.7,0,0,0
2025-01-03 16:15:00,23.56,44.19,160.6,0,0,0
2025-01-03 16:20:00,24.14,43.09,153.2,0,0,0
2025-01-03 16:25:00,24.28,45.85,158.9,0,0,0
2025-01-03 16:30:00,24.08,49.13,141.5,0,0,0
2025-01-03 16:35:00,22.96,42.86,153.1,0,0,0
2025-01-03 16:40:00,23.36,45.05,152.9,0,0,0
2025-01-03 16:45:00,23.57,47.82,154.1,0,0,0
2025-01-03 16:50:00,23.62,44.84,142.6,0,0,0
2025-01-03 16:55:00,23.94,45.9,146.4,0,0,0
2025-01-03 17:00:00,23.69,42.88,139.7,0,0,0
2025-01-03 17:05:00,22.9,45.86,144.2,0,0,0
2025-01-03 17:10:00,23.72,44.63,137.3,0,0,0
2025-01-03 17:15:00,23.8,46.97,138.8,0,0,0
2025-01-03 17:20:00,23.74,47.37,135.3,0,0,0
2025-01-03 17:25:00,23.96,50.18,143.3,0,0,0
2025-01-03 17:30:00,23.8,46.16,144.4,0,0,0
2025-01-03 17:35:00,23.57,45.65,139.3,0,0,0
2025-01-03 17:40:00,23.26,45.39,141.3,0,0,0
2025-01-03 17:45:00,22.43,44.29,134.9,0,0,0
2025-01-03 17:50:00,23.43,45.68,141.9,0,0,0
2025-01-03 17:55:00,23.27,44.41,144.6,0,0,0
2025-01-03 18:00:00,23.26,45.34,159.6,1,0,0
2025-01-03 18:05:00,22.44,47.64,142.7,1,0,0
2025-01-03 18:10:00,22.49,42.99,157.4,0,0,0
2025-01-03 18:15:00,23.5,47.28,156.9,0,0,0
2025-01-03 18:20:00,22.91,47.63,155.0,0,0,0
2025-01-03 18:25:00,23.22,44.76,164.0,0,0,0
2025-01-03 18:30:00,22.84,40.76,158.6,0,0,0
2025-01-03 18:35:00,22.79,43.78,159.9,0,0,0
2025-01-03 18:40:00,23.19,47.59,158.6,0,0,0
2025-01-03 18:45:00,22.41,44.95,165.7,0,0,0
2025-01-03 18:50:00,22.66,43.0,165.4,0,0,0
2025-01-03 18:55:00,22.33,43.99,156.8,0,0,0
2025-01-03 19:00:00,22.28,73.02,153.1,0,0,0
2025-01-03 19:05:00,22.29,66.8,158.0,0,0,0
2025-01-03 19:10:00,22.5,67.07,154.1,0,0,0
2025-01-03 19:15:00,22.09,67.88,156.6,0,0,0
2025-01-03 19:20:00,22.9,68.94,161.7,0,0,0
2025-01-03 19:25:00,21.76,63.61,151.6,0,0,0
2025-01-03 19:30:00,22.05,69.63,152.0,0,0,0
2025-01-03 19:35:00,21.87,67.12,150.7,0,0,0
2025-01-03 19:40:00,22.75,77.15,152.8,0,0,0
2025-01-03 19:45:00,22.06,71.36,135.6,0,0,0
2025-01-03 19:50:00,22.42,71.82,142.1,0,0,0
2025-01-03 19:55:00,21.1,66.1,144.7,0,0,0
2025-01-03 20:00:00,21.91,45.81,148.4,0,0,0
2025-01-03 20:05:00,22.16,44.95,138.9,0,0,0
2025-01-03 20:10:00,21.69,43.19,131.2,0,0,0
2025-01-03 20:15:00,22.12,45.65,143.2,0,0,0
2025-01-03 20:20:00,21.26,42.64,136.8,0,0,0
2025-01-03 20:25:00,22.16,47.38,134.3,0,0,0
2025-01-03 20:30:00,22.54,44.07,137.6,0,0,0
2025-01-03 20:35:00,21.15,45.4,140.7,0,0,0
2025-01-03 20:40:00,21.04,45.57,139.7,0,0,0
2025-01-03 20:45:00,21.92,44.48,133.1,0,0,0
2025-01-03 20:50:00,21.92,46.17,150.1,0,0,0
2025-01-03 20:55:00,20.8,44.05,153.7,0,0,0
2025-01-03 21:00:00,20.79,46.74,152.4,0,0,0
2025-01-03 21:05:00,20.79,42.31,145.3,0,0,0
2025-01-03 21:10:00,20.2,45.25,151.7,0,0,0
2025-01-03 21:15:00,20.34,48.88,154.4,0,0,0
2025-01-03 21:20:00,20.24,43.0,159.0,0,0,0
2025-01-03 21:25:00,20.29,43.64,160.7,0,0,0
2025-01-03 21:30:00,20.59,46.03,154.8,0,0,0
2025-01-03 21:35:00,20.66,45.36,159.7,0,0,0
2025-01-03 21:40:00,21.25,45.7,162.1,0,0,0
2025-01-03 21:45:00,19.92,45.98,167.3,0,0,0
2025-01-03 21:50:00,20.84,46.27,163.4,0,0,0
2025-01-03 21:55:00,20.18,47.22,163.4,0,0,0
2025-01-03 22:00:00,20.2,45.82,159.1,0,0,0
2025-01-03 22:05:00,20.5,44.52,164.6,0,0,0
2025-01-03 22:10:00,19.54,46.35,158.3,0,0,0
2025-01-03 22:15:00,20.23,48.8,150.5,0,0,0
2025-01-03 22:20:00,20.06,44.73,160.1,0,0,0
2025-01-03 22:25:00,20.16,43.05,154.8,0,0,0
2025-01-03 22:30:00,20.0,47.21,147.3,0,0,0
2025-01-03 22:35:00,21.02,44.76,145.3,0,0,0
2025-01-03 22:40:00,19.41,40.65,147.5,0,0,0
2025-01-03 22:45:00,19.41,46.69,146.7,0,0,0
2025-01-03 22:50:00,19.3,43.93,144.0,0,0,0
2025-01-03 22:55:00,19.28,44.82,143.4,0,0,0
2025-01-03 23:00:00,19.18,45.66,149.4,0,0,0
2025-01-03 23:05:00,20.04,45.38,145.7,0,0,0
2025-01-03 23:10:00,20.1,46.42,141.0,0,0,0
2025-01-03 23:15:00,19.05,44.13,144.8,0,0,0
2025-01-03 23:20:00,18.86,46.03,135.3,0,0,0
2025-01-03 23:25:00,19.46,44.48,143.1,0,0,0
2025-01-03 23:30:00,18.9,46.48,151.2,0,0,0
2025-01-03 23:35:00,19.44,46.23,142.3,0,0,0
2025-01-03 23:40:00,19.17,43.13,140.6,0,0,0
2025-01-03 23:45:00,18.26,47.17,143.2,0,0,0
2025-01-03 23:50:00,19.75,43.93,142.7,0,0,0
2025-01-03 23:55:00,19.82,46.62,146.1,0,0,0
